Report Date,Current Assets,Cash and Cash Equivalents,Provision for Settlement,Funds Lent,Trading Financial Assets,Financial Assets Purchased under Resale Agreements,Derivative Financial Assets,Notes and Accounts Receivable,Notes Receivable,Accounts Receivable,Accounts Receivable Financing,Prepayments,Dividends Receivable,Interest Receivable,Premiums Receivable,Reinsurance Accounts Receivable,Reinsurance Contract Reserve Receivable,Export Tax Rebate Receivable,Subsidies Receivable,Margin Receivable,Internal Receivables,Other Receivables,Total Other Receivables,Inventories,Assets Classified as Held for Sale,Deferred Expenses,Gains and Losses on Disposal of Current Assets,Non-current Assets Due within One Year,Other Current Assets,Total Current Assets,Non-current Assets,Loans and Advances,Debt Investment,Other Debt Investment,Financial Assets at Fair Value through Other Comprehensive Income,Financial Assets at Amortized Cost,Available-for-Sale Financial Assets,Long-term Equity Investments,Investment Property,Long-term Receivables,Other Equity Instrument Investments,Other Non-current Financial Assets,Other Long-term Investments,Cost of Fixed Assets,Accumulated Depreciation,Net Value of Fixed Assets,Impairment Provision for Fixed Assets,Total Construction in Progress,Construction in Progress,Engineering Materials,Net Fixed Assets,Disposal of Fixed Assets,Total Fixed Assets and Disposal,Productive Biological Assets,Public Welfare Biological Assets,Oil and Gas Assets,Contract Assets,Right-of-Use Assets,Intangible Assets,Development Expenditures,Goodwill,Long-term Deferred Expenses,Equity Division and Circulation Rights,Deferred Tax Assets,Other Non-current Assets,Total Non-current Assets,Total Assets,Current Liabilities,Short-term Borrowings,Borrowings from Central Bank,Deposits from Customers and Interbank Deposits,Funds Borrowed,Trading Financial Liabilities,Derivative Financial Liabilities,Notes and Accounts Payable,Notes Payable,Accounts Payable,Advances from Customers,Contract Liabilities,Financial Assets Sold under Repurchase Agreements,Fees and Commissions Payable,Employee Benefits Payable,Taxes Payable,Interest Payable,Dividends Payable,Margin Payable,Internal Payables,Other Payables,Total Other Payables,Other Taxes Payable,Provision for Guarantee Compensation,Reinsurance Accounts Payable,Insurance Contract Reserves,Funds for Securities Trading on behalf of Clients,Funds for Securities Underwriting on behalf of Clients,International Ticket Settlement,Domestic Ticket Settlement,Accrued Expenses,Estimated Current Liabilities,Short-term Bonds Payable,Liabilities Classified as Held for Sale,Deferred Income Due within One Year,Non-current Liabilities Due within One Year,Other Current Liabilities,Total Current Liabilities,Non-current Liabilities,Long-term Borrowings,Bonds Payable,Bonds Payable: Preferred Shares,Bonds Payable: Perpetual Bonds,Lease Liabilities,Long-term Employee Benefits Payable,Long-term Payables,Total Long-term Payables,Special Payables,Estimated Non-current Liabilities,Long-term Deferred Income,Deferred Tax Liabilities,Other Non-current Liabilities,Total Non-current Liabilities,Total Liabilities,Owner's Equity,Paid-in Capital (or Share Capital),Other Equity Instruments,Preferred Shares,Perpetual Bonds,Capital Reserve,Less: Treasury Stock,其他综合收益,Special Reserve,Surplus Reserve,General Risk Reserve,Undetermined Investment Losses,Retained Earnings,Proposed Cash Dividends,Foreign Currency Translation Differences,Total Equity Attributable to Shareholders of the Parent Company,Minority Interest,Total Owner's Equity (or Shareholders' Equity),Total Liabilities and Owner's Equity (or Shareholders' Equity),数据源,是否审计,公告日期,币种,类型,更新日期
20250930,,51753057846.45,,135402538025.64,,3505663836.03,,5235061677.5,5209529939.88,25531737.62,,21229757.91,,,,,,,,,,,71073860.68,55858862716.48,,,,4686422347.31,53251632.86,256587161700.86,,2724893752.7,1010008247.97,496798634.84,,,,,3818474.9,,,4035935007.45,,,,,,3534669471.18,,,,,21170758112.81,,,,,228658932.68,8649225375.62,165998778.47,,137287075.5,,5811949314.43,181022050.45,48151023229.0,304738184929.86,,,,14473441763.35,,,,2822271882.72,,2822271882.72,,7749027043.43,,,471949375.75,6840000739.89,,,,,,5374646780.18,,,,,,,,,,,,,,57447774.54,974593908.67,38763379268.53,,,,,,205116273.86,,,,,,,64664514.62,,269780788.48,39033160057.01,,1256197800.0,,,,1374964415.72,6000465970.56,-1055242.36,,48503784606.05,1061529724.0,,210875009053.38,,,257069964386.23,8635060486.62,265705024872.85,304738184929.86,定期报告,未审计,20251030,CNY,合并期末,2025-10-29T18:12:06
20250630,,51644880716.93,,126350827693.1,,8793934186.54,,2853742406.19,2815781163.8,37961242.39,,21504666.27,,,,,,,,,,49933643.11,49933643.11,54971731959.6,,,,718089270.04,73752187.69,245478396729.47,,2133856379.53,1003884684.5,,,,,,7221701.42,,,4030736998.87,,37494413544.72,15735010723.55,21759402821.17,1067216.8,2762214966.85,2762214966.85,,21758335604.37,,21758335604.37,,,,,240681114.09,8716648061.78,143181245.11,,141578296.52,,5653654187.71,187399125.29,46779392366.04,292257789095.51,,,,20634003830.54,,,,2952131468.88,,2952131468.88,,5506895535.57,,,426682191.26,6233623355.78,,,,,6328338086.86,6328338086.86,,,,,,,,,,,,,,55435798.71,705743183.05,42842853450.65,,,,,,213194651.84,,,,,,,66154730.27,,279349382.11,43122202832.76,,1256197800.0,,,,1374964415.72,5201943467.85,778673.26,,48503784606.05,1061529724.0,,191651224639.3,,,238646536390.48,10489049872.27,249135586262.75003,292257789095.51,定期报告,未审计,20250813,CNY,合并期末,2025-08-12T20:32:02
20250331,,52199240419.27,,154469436923.24997,,1042979318.66,,2142658699.29,2127459387.2,15199312.09,,42883171.93,,,,,,,,,,,47417903.33,54798455069.13,,,,1710959803.42,52682931.26,266506714239.54,,1819674420.04,1001954410.51,,,,,,7389655.49,,,4029631969.17,,,,,,2798544583.47,,,,,21548454010.53,,,,,261544130.22,8782112970.74,103366339.5,,146792396.05,,5161058373.53,201459896.26,45861983155.51,312368697395.05,,,,15104929268.86,,,,3744537818.44,,3744537818.44,,8788014142.36,,,796907587.53,7669801805.67,,,,,,6632703994.68,,,,,,,,,,,,,,43647997.57,1089634945.74,43870177560.85,,,,,,241629566.56,,,,,,,66555097.25,,308184663.81,44178362224.66,,1256197800.0,,,,1374964415.72,1598896443.5,-6635743.01,,46635793479.39,1061529724.0,,209634889443.81,,,258357842676.41,9832492493.98,268190335170.39,312368697395.05,定期报告,未审计,20250430,CNY,合并期末,2025-04-29T17:54:07
20241231,,59295822956.89,,127187293298.17,248513280.0,7220310691.1,,2003382160.25,1984407967.5,18974192.75,,26975033.2,,,,,,,,,,29955673.47,29955673.47,54343285157.47,,,,1210959803.42,160176582.69,251726674636.66,,2381228475.45,1515174439.92,,,,,,7625167.83,,,4028978995.56,,36676682731.79,14804168767.85,21872513963.94,1067216.8,2149619937.05,2149619937.05,,21871446747.14,,21871446747.14,,,,,410594173.53,8850205831.0,98522878.42,,152105949.85,,5520006868.83,232395817.46,47217905282.04,298944579918.7,,,,23102858820.97,,,,3514969230.31,,3514969230.31,,9592453014.66,,,5824371399.07,7717686541.38,,,,,5429006700.86,5429006700.86,,,,,,,,,,,,,,111951112.2,1222693799.51,56515990618.96,,,,,,313906415.76,,,,,,,103367763.38,,417274179.14,56933264798.1,,1256197800.0,,,,1374964415.72,,-9916224.69,,46635793479.39,1061529724.0,,182787415205.05,,,233105984399.47,8905330721.13,242011315120.6,298944579918.7,定期报告,是,20251030,CNY,合并期末,2025-04-02T21:15:11
20240930,,60084745614.27,,122685688179.71,200794360.04,5785433457.13,,1159177839.24,1149046136.5,10131702.74,,41754330.78,,,,,,,,,,,63216702.94,48224880009.62,,,,154135489.78,19751378.42,238419577361.93,,2579164247.78,3227025895.78,,,,,,4384742.38,,,4012020573.23,,,,,,2878910487.96,,,,,20237604798.2,,,,,306135116.74,8668801938.29,160771184.78,,154464372.98,,5907973419.43,213888818.21,48351145595.76,286770722957.69,,,,12434986061.3,,,,2652185045.16,,2652185045.16,,9930767399.77,,,446945580.18,6342664524.46,,57000000.0,,,,5633142149.65,,,,,,,,,,,,,,47926667.37,1235273121.23,38723890549.12,,,,,,283850059.29,,,,,,,74818111.11,,358668170.4,39082558719.52,,1256197800.0,,,,1374964415.72,,-6367180.37,,41119548595.8,1061529724.0,,192903581645.13,,,237709455000.28,9978709237.89,247688164238.17,286770722957.69,定期报告,未审计,20241026,CNY,合并期末,2024-10-25T18:10:04
20240630,,56840349530.82,,115293672048.96,3828563887.2,7908213613.0,,333100721.12,331742126.0,1358595.12,,24307098.82,,,,,,,,,,53598474.17,53598474.17,47766478732.37,,,,152870174.7,55885816.27,232257040097.43,,2814831329.67,3205012119.88,,,,,,4553251.13,,,4007580676.1,,33818112744.59,13984535284.0,19833577460.59,1067216.8,2560368563.58,2560368563.58,,19832510243.79,,19832510243.79,,,,,310915462.76,8718641572.11,162985199.87,,157957784.36,,4974111884.41,200752981.54,46950221069.2,279207261166.63,,,,23537809237.19,,,,3291376926.17,,3291376926.17,,9993058770.3,,,432198611.24,5810363979.44,,,,,6441965704.48,6441965704.48,,,,,,,,,,,,,,60411641.6,1239696794.05,50806881664.47,,,,,,277413296.36,,,,,,,78156556.52,,355569852.88,51162451517.35,,1256197800.0,,,,1374964415.72,,-8272445.37,,41119548595.8,1061529724.0,,173771640509.99002,,,218575608600.14,9469201049.14,228044809649.28,279207261166.63,定期报告,未审计,20240809,CNY,合并期末,2024-08-08T19:30:06
20240331,,74197126391.43,,105060937860.99,3812337429.4,7111997692.87,,213804940.68,140680278.0,73124662.68,,41204652.37,,,,,,,,,,,26297328.18,46852227606.93,,,,,61062481.87,237376996384.72,,2603796544.91,5335437085.68,,,,,,3959373.06,,,4004528610.65,,,,,,2813289076.98,,,,,19541551054.14,,,,,315724258.57,8517877019.46,222425799.33,,157773820.24,,4477172963.01,154011277.63,48147546883.66,285524543268.38,,,,8381544929.17,,,,4022842219.54,,4022842219.54,,9523298229.75,,,764260631.72,7015986396.93,,,,,,5717021613.65,,,,,,,,,,,,,,56128002.7,1145591991.93,36626674015.39,,,,,,280265260.71,,,,,,,80835441.75,,361100702.46,36987774717.85,,1256197800.0,,,,1374964415.72,,-8109798.54,,38998763095.13,1061529724.0,,197048440674.24,,,239731785910.55,8804982639.98,248536768550.53,285524543268.38,定期报告,未审计,20240427,CNY,合并期末,2024-04-26T20:45:07
20231231,,69070136376.12,,105553836462.58,400712059.93,3504849885.05,,74306850.41,13933440.0,60373410.41,,34585111.79,,,,,,,,,,27502107.3,27502107.3,46435185061.53,,,,,71403906.57,225172517821.28,,2130818189.27,5323002071.02,,,,,,4138545.33,,,4002439902.57,,33051116027.02,13140768154.25,19910347872.77,1067216.8,2137464700.45,2137464700.45,,19909280655.97,,19909280655.97,,,,,314205484.56,8572267313.84,218015555.49,,160058930.14,,4645887425.1,109563497.23,47527142270.97,272699660092.25,,,,12034492909.95,,,,3093091103.67,,3093091103.67,,14125755802.29,,,5401921213.77,6949663893.87,,,,,5213133685.87,5213133685.87,,,,,,,,,,,,,,57054879.48,1822498012.3,48697611501.2,,,,,,266636234.04,,,,,,,78943062.19,,345579296.23,49043190797.43,,1256197800.0,,,,1374964415.72,,-6061727.51,,38998763095.13,1061529724.0,,172983178300.09,,,215668571607.43,7987897687.39,223656469294.82,272699660092.25,定期报告,是,20250403,CNY,合并期末,2024-04-02T22:15:03
20230930,,70641010014.72,,95625606731.69,3509435832.66,7357096338.49,,131214179.87,,131214179.87,,110592961.98,,,,,,,,,,,64212011.05,40990482220.34,,,,,43206823.61,218472857114.41,,2329903393.65,1405530659.71,,,,,,4439073.3,,,4000854035.28,,,,,,2936014010.72,,,,,18912791494.75,,,,,317674255.93,8436485493.9,261829351.8,,141508341.39,,4856537546.63,,43603567657.06,262076424771.47,,,,9525569802.49,,,,2152491940.59,,2152491940.59,,11394683919.51,,,427836476.23,5911174351.08,,86730000.0,,,,5763709392.64,,,,,,,,,,,,,,62366439.3,1426089117.94,36663921439.78,,,,,,313265995.79,,,,,,,80437576.49,,393703572.28,37057625012.06,,1256197800.0,,,,1374964415.72,,-9069167.81,,33997968489.08,1061529724.0,,180127033586.31003,,,217808624847.3,7210174912.11,225018799759.41,262076424771.47,定期报告,未审计,20231021,CNY,合并期末,2023-10-20T19:20:05
20230630,,70521275705.21,,85727254357.07,199920239.27,5471547684.88,,32571319.28,,32571319.28,,102384498.68,,,,,,,,,,60372027.65,60372027.65,40868431223.7,,,,,48859114.07,203032616169.81,,2022516083.64,1395162393.85,,,,,,4506300.51,,,,,31602261883.35,12358024685.47,19244237197.88,1067216.8,2678616338.35,2678616338.35,,19243169981.08,,19243169981.08,,,,,335599522.9,8380533641.11,272473152.22,,143713208.48,,4095357224.39,,38571647846.53,241604264016.34,,,,9293750788.21,,,,1982340479.67,,1982340479.67,,7334210269.62,,,371265385.66,6188906644.48,,478230000.0,,,5330100106.51,5808330106.51,,,,,,,,,,,,,,69441071.17,907075267.94,31955320013.26,,,,,,317564030.39,,,,,,,83899880.73,,401463911.12,32356783924.38,,1256197800.0,,,,1374964415.72,,-5778072.71,,33997968489.08,1061529724.0,,163231231612.96,,,200916113969.05,8331366122.91,209247480091.96,241604264016.34,定期报告,未审计,20230803,CNY,合并期末,2023-08-02T19:20:05
20230331,,72450733950.67,,105430905575.43,,,,58410415.9,,58410415.9,,94506059.17,,,,,,,,,,,33117697.48,40052820428.01,,,,,79893276.91,218200387403.57,,4242706776.75,1384654756.55,,,,,,4573527.72,,,,,,,,,2417566489.04,,,,,19489407362.2,,,,,386136168.01,8429135452.56,216821784.65,,146067537.16,,3473325563.84,,40190395418.48,258390782822.05,,,,7862986875.33,,,,2640205442.62,,2640205442.62,,8329985210.52,,,444910939.59,6862663394.19,,,,,,4217175098.28,,,,,,,,,,,,,,90213406.15,980466527.83,31428606894.51,,,,,,335973633.92,,,,,,,162628090.99,,498601724.91,31927208619.42,,1256197800.0,,,,1374964415.72,,-10009598.72,,32520123399.97,1061529724.0,,182072885561.65,,,218275691302.62,8187882900.01,226463574202.63,258390782822.05,定期报告,未审计,20230426,CNY,合并期末,2023-04-25T19:45:03
20221231,,58274318733.23,,116172711554.59,,,,126390356.0,105453212.0,20937144.0,,897377162.27,,,,,,,,,,31818622.84,31818622.84,38824374236.24,,,,2123601333.33,160843674.42,216611435672.92,,4134744407.92,380685319.09,,,,,,5335046.99,,,,,31317338441.79,11573648677.13,19743689764.66,1067216.8,2208329892.95,2208329892.95,,19742622547.86,,19742622547.86,,,,,402551533.46,7083177226.45,190536632.6,,146455346.9,,3594952468.88,,37889390423.1,254500826096.02,,,,12874043355.42,,,,2408371053.69,,2408371053.69,,15471920924.98,,,4782311242.41,6896555423.83,,,,,4543842833.87,4543842833.87,,,,,,,,,,,,,,109351155.28,1979272808.9,49065668798.38,,,,,,334447942.79,,,,,,,162628090.99,,497076033.78,49562744832.16,,1256197800.0,,,,1374964415.72,,-10776907.33,,32520123399.97,1061529724.0,,161278002807.1,,,197480041239.46,7458040024.4,204938081263.86,254500826096.02,定期报告,是,20240403,CNY,合并期末,2023-03-30T21:15:04
20220930,,58145037381.83,,116500694657.33,,,,146055376.0,146055376.0,,,546162999.1,,,,,,,,,,,52703615.77,35182574913.05,,,,,33558188.75,210606787131.83,,3451333117.05,184887419.5,,,,,,5412163.64,,,,,,,,,3158701651.54,,,,,17207005544.03,,,,,374356822.3,6740558396.58,82428793.93,,134985411.16,,3702826077.46,2107641333.33,37150136730.52,247756923862.35,,,,8406666140.36,,,,1500490729.31,,1500490729.31,,11836515742.88,,,379913907.47,4849247988.96,,,,,,5485537634.44,,,,,,,,,,,,,,113699499.52,1428755738.34,34000827381.28,,,,,,309520471.22,,,,,,,,,309520471.22,34310347852.5,,1256197800.0,,,,1374964415.72,,-15339956.22,,30974117389.66,1061529724.0,,172057305617.22,,,206708774990.38,6737801019.47,213446576009.85,247756923862.35,定期报告,未审计,20221017,CNY,合并期末,2022-10-16T15:55:03
20220630,,58048264720.81,,110064819593.94,,,,144183432.0,144183432.0,,,268037533.68,,,,,,,,,,49020543.73,49020543.73,34906101709.69,,,,,38415464.38,203518842998.23,,3484650000.0,173384459.35,,,,,,5489280.29,,,,,28377915480.12,10882354378.73,17495561101.39,1067216.8,2667815186.08,2667815186.08,,17494493884.59,,17494493884.59,,,,,305186220.13,6765394314.04,70399086.16,,137230060.22,,3134613141.01,2091681333.33,36330336965.2,239849179963.43,,,,16749482509.06,,,,1555767088.71,,1555767088.71,,9668589214.53,,,349285726.06,4867000988.87,,1310990634.98,,,5383504440.46,6694495075.44,,,,,,,,,,,,,,81207325.24,1165963159.07,41131791086.98,,,,,,260938913.99,,,,,,,,,260938913.99,41392730000.97,,1256197800.0,,,,1374964415.72,,-15146302.86,,30974117389.66,1061529724.0,,157451398111.51,,,192103061138.03003,6353388824.43,198456449962.46,239849179963.43,定期报告,未审计,20220803,CNY,合并期末,2022-08-02T20:05:03
20220331,,56375875091.88,,125228902755.97,,,,,,,,262917137.82,,,,,,,,,,,45695491.83,33778534318.57,,,,,105384329.91,215797309125.98,,3487575000.0,171918486.74,,,,,,5566396.94,,,,,,,,,2890421242.13,,,,,17223464361.68,,,,,348628361.15,6771003563.44,65771652.53,,136719893.77,,2327791967.79,2075721333.33,35504582259.5,251301891385.48,,,,11915312689.06,,,,1592451387.69,,1592451387.69,,8321990419.89,,,318932220.46,7788218067.48,,,,,,5120100850.07,,,,,,,,,,,,,,110797869.3,938729707.59,36106533211.54,,,,,,287081724.16,,,,,,,,,287081724.16,36393614935.7,,1256197800.0,,,,1374964415.72,,-14364282.14,,25142832818.16,1061529724.0,,177961830507.51,,,206782990983.25,8125285466.53,214908276449.78,251301891385.48,定期报告,未审计,20220427,CNY,合并期末,2022-04-26T20:15:04
20211231,,51810243607.11,,135067287778.03,,,,,,,,389109841.28,,,,,,,,,,33158974.32,33158974.32,33394365084.83,,,,,71527560.74,220765692846.31003,,3425175000.0,170468623.71,,,,,,5242431.75,,,,,27658602462.51,10185362062.86,17473240399.65,1067216.8,2321988541.82,2321988541.82,,17472173182.85,,17472173182.85,,,,,362785970.23,6208358330.24,,,139342455.82,,2237206443.84,2059761333.33,34402502313.59,255168195159.9,,,,21763575647.32,,,,2009832495.56,,2009832495.56,,12718465288.02,,,3677845718.53,11979802144.01,,,,,4124404781.29,4124404781.29,,,,,,,,,,,,,,104319886.87,1535976293.22,57914222254.82,,,,,,296466199.74,,,,,,,,,296466199.74,58210688454.56,,1256197800.0,,,,1374964415.72,,-13017880.78,,25142832818.16,1061529724.0,,160716861920.19,,,189539368797.29,7418137908.05,196957506705.34,255168195159.9,定期报告,是,20230331,CNY,合并期末,2022-04-26T20:15:04
20210930,,50701984661.77,,109847862251.96,,,,540123567.0,540123567.0,,,1014455370.03,,,,,,,,,,,51622019.18,30392108629.88,,,,,29078176.3,192577234676.12,,3434925000.0,20795564.48,,,,,,5314047.48,,,7585326.62,,,,,,2696710646.86,,,,,16686524552.92,,,,,471462970.47,5239033430.32,,,140921861.53,,1377944531.0,2043801333.33,32125019265.01,224702253941.13,,,,21816256109.47,,,,1089137385.3,,1089137385.3,,9136768802.31,,,247759232.46,5215358651.99,,,,,,4725212121.72,,,,,,,,,,,,,,90903387.31,1125948593.94,43447344284.5,,,,,,439072971.61,,,,,,,896331.66,,439969303.27,43887313587.77,,1256197800.0,,,,1374964415.72,,-10015467.41,,24302353478.64,927577822.67,,146497322942.84998,,,174348400992.47,6466539360.89,180814940353.36,224702253941.13,定期报告,未审计,20211023,CNY,合并期末,2021-10-22T19:05:04
20210630,,54197716644.16,,94776787205.41,,,,1232534494.02,1232534494.02,,,930072204.0,,,,,,,,,,48555742.49,48555742.49,30655211082.53,,,,,9694346.87,181850571719.48,,2459925000.0,20575786.69,,,,,,5385663.21,,,7585326.62,,26629220242.18,9603432440.27,17025787801.91,1067216.8,2346809463.96,2346809463.96,,17024720585.11,,17024720585.11,,,,,476672077.54,5269793061.06,,,143549930.73,,1235106874.94,2027841333.33,31017965103.19,212868536822.67,,,,23635572295.09,,,,1388495809.35,,1388495809.35,,9244138850.7,,,247739340.36,4607385914.1,,,,,4537305291.25,4537305291.25,,,,,,,,,,,,,,93082997.82,1123530618.53,44877251117.2,,,,,,426297642.34,,,,,,,896331.66,,427193974.0,45304445091.2,,1256197800.0,,,,1374964415.72,,-8457649.22,,24302353478.64,927577822.67,,133885134334.46,,,161737770202.27002,5826321529.2,167564091731.47,212868536822.67,定期报告,未审计,20210731,CNY,合并期末,2021-07-30T19:20:04
20210331,,50743255374.4,,103233501647.55,,,,1185663371.39,1185663371.39,,,1010832886.1,,,,,,,,,,,43880989.3,29613715889.56,,,,,18738244.07,185849588402.37,,2944890000.0,20358397.79,,,,,,5457278.94,,,7616173.84,,,,,,3302351932.18,,,,,15978639282.83,,,,,514056949.84,5296599736.98,,,146177999.92,,1152449829.92,,29368597582.24,215218185984.61,,,,15184654467.98,,,,1358925268.32,,1358925268.32,,5340569221.03,,,459570115.35,5338093811.03,,,,,,3873229440.7,,,,,,,,,,,,,,102832047.57,670974127.12,32328848499.1,,,,,,398665676.47,,,,,,,904043.46,,399569719.93,32728418219.03,,1256197800.0,,,,1374964415.72,,-8276739.07,,20174922608.93,927577822.67,,151548865893.6,,,175274251801.84998,7215515963.73,182489767765.58,215218185984.61,定期报告,未审计,20210428,CNY,合并期末,2021-04-27T19:25:03
20201231,,36091090060.9,,118199586541.06,,,,1532728979.67,1532728979.67,,,898436259.15,,,,,,,,,,34488582.19,34488582.19,28869087678.06,,,,,26736855.91,185652154956.94,,2953036834.8,20143397.78,,,,,,,,,9830052.91,,25186241994.09,8960091930.0,16226150064.09,1067216.8,2447444843.03,2447444843.03,,16225082847.29,,16225082847.29,,,,,,4817170981.91,,,147721526.43,,1123225086.37,,27743655570.52,213395810527.46,,,,14241859949.77,,,,1342267668.12,,1342267668.12,,13321549147.69,,,2981125503.86,8919821015.58,,,,,3257245259.42,3257245259.42,,,,,,,,,,,,,,,1609801368.51,45673669912.95,,,,,,,,,,,,,1457513.23,,1457513.23,45675127426.18,,1256197800.0,,,,1374964415.72,,-5331367.75,,20174922608.93,927577822.67,,137594403807.99,,,161322735087.56,6397948013.72,167720683101.28,213395810527.46,定期报告,是,20220331,CNY,合并期末,2021-03-30T20:45:03
20200930,,27075309623.01,,100290144392.05,,,,1935655554.35,1935655554.35,,,1116780155.2,,,,,,,,,,,63702858.55,26980463650.51,,,,,27229928.79,157489286162.46,,2934750000.0,,,,,,,,,,11249747.62,,,,,,3659652690.81,,,,,14650777181.74,,,,,,4777842646.68,,,150295368.48,,905342853.01,,27089910488.34,184579196650.8,,,,10426882742.77,,,,1143857753.43,,1143857753.43,,9410595312.38,,,247030900.92,4902050225.87,,125540869.75,,,,3125924902.27,,,,,,,,,,,,,,,1149384250.86,30405726088.5,,,,,,,,,,,,,1812436.91,,1812436.91,30407538525.41,,1256197800.0,,,,1374964415.72,,-5627561.16,,20159348519.97,898349936.77,,124769024314.26,,,148452257425.56,5719400699.83,154171658125.39,184579196650.8,定期报告,未审计,20201026,CNY,合并期末,2020-10-25T14:15:03
20200630,,25452397286.65,,90843530648.08,,,,1178468013.41,1178468013.41,,,932133598.25,,,,,,,,,,70837732.7,70837732.7,26294649615.03,,,,,63116855.14,144835133749.26,,2966437500.0,,,,,,,,,,327087521.88,,23231796605.59,8357815423.44,14873981182.15,1067216.8,3203369158.83,3203369158.83,,14872913965.35,,14872913965.35,,,,,,4801717177.57,,,152917443.53,,1038298649.16,,27362741416.32,172197875165.58,,,,9666161322.28,,,,969903250.02,,969903250.02,,9463614701.94,,,249274088.23,4568927085.93,,,,,3579724046.55,3579724046.55,,,,,,,,,,,,,,,1107861114.02,29605465608.97,,,,,,,,,,,,,74521880.47,,74521880.47,29679987489.44,,1256197800.0,,,,1374964415.72,,-5902217.46,,20159348519.97,898349936.77,,113543575438.55,,,137226533893.55,5291353782.59,142517887676.14,172197875165.58,定期报告,未审计,20200729,CNY,合并期末,2020-07-28T17:50:02
20200331,,19682973020.9,,110102923190.49,,,,1344593687.52,1344593687.52,,,1403564768.08,,,,,,,,,,,82263917.31,25272045240.0,,,,,36508480.46,157924872304.76,,51480000.0,,,,,,,,,,316993681.77,,,,,,2766719554.2,,,,,15005339642.37,,,,,,4698903468.22,,,155500316.07,,704924914.88,,23699861577.51,181624733882.27,,,,8042687463.48,,,,1110094545.22,,1110094545.22,,6908882423.71,,,377878287.94,5007088677.0,,,,,,3571344148.29,,,,,,,,,,,,,,,799936859.83,25817912405.47,,,,,,,,,,,,,71998420.44,,71998420.44,25889910825.91,,1256197800.0,,,,1374964415.72,,-7254981.32,,16595699037.02,898349936.77,,128986107618.55,,,149104063826.74,6630759229.62,155734823056.36,181624733882.27,定期报告,未审计,20200428,CNY,合并期末,2020-04-27T23:20:05
20191231,,13251817237.85,,117377810563.27,,,,1463000645.08,1463000645.08,,,1549477339.41,,,,,,,,,,76540490.99,76540490.99,25284920806.33,,,,,20904926.15,159024472009.08,,48750000.0,,,,,,,,,,319770404.05,,22910727881.78,7765477938.79,15145249942.99,1067216.8,2518938271.72,2518938271.72,,15144182726.19,,15144182726.19,,,,,,4728027345.7,,,158284338.19,,1099946947.57,,24017900033.42,183042372042.5,,,,11048756010.02,,,,1513676611.44,,1513676611.44,13740329698.82,,,,2445071026.57,8755949266.98,11081.87,446880000.0,,,3142625517.14,3589516599.01,,,,,,,,,,,,,,,,41093299212.84,,,,,,,,,,,,,72692601.01,,72692601.01,41165991813.85,,1256197800.0,,,,1374964415.72,,-7198721.79,,16595699037.02,898349936.77,,115892337407.39,,,136010349875.11,5866030353.54,141876380228.65,183042372042.5,定期报告,是,20210331,CNY,合并期末,2020-04-21T20:25:04
20190930,,112728862159.17,,390000000.0,,,,858679506.62,858679506.62,,,2060529773.12,,80292222.24,,,,,,,,,131008581.32,23755484740.84,,,,,24583772.83,139949148533.9,,39000000.0,,,,,,,,,,224782500.0,,,,,,2797227129.09,,,,,14815012375.1,,,,,,3445631811.68,,,161044641.61,,1118562183.05,,22601260640.53,162550409174.43002,,,,10696027811.5,,,,1195674032.29,,1195674032.29,11255301342.62,,,,326861503.87,4599964546.96,29188819.81,,,,,3605589172.86,,,,,,,,,,,,,,,,31679418410.1,,,,,,,,,,,,,48945625.0,,48945625.0,31728364035.1,,1256197800.0,,,,1374964415.72,,-7716354.56,,16408532748.65,788302643.63,,105437935359.91,,,125258216613.35,5563828525.98,130822045139.33,162550409174.43002,定期报告,未审计,20191016,CNY,合并期末,2020-03-13T15:29:48
20190630,,115557859884.77,,390000000.0,,,,709663924.7,709663924.7,,,1419684643.15,,386374194.54,,,,,,,,48101255.92,434475450.46,24014000582.14,,,,,20261269.25,142545945754.47,,29298750.0,,,,,,,,,,339698879.36,,22215879923.92,7200029700.39,15015850223.53,2031955.29,2507842945.71,2507842945.71,,15013818268.24,,15013818268.24,,,,,,3465769564.7,,,163248933.69,,1056025881.56,,22575703223.26,165121648977.72998,,,,23566122679.15,,,,1326081951.16,,1326081951.16,12256895355.57,,,,411911154.84,3257952776.89,45736806.48,,,,4572497379.44,4618234185.92,,,,,,,,,,,,,,,,45437198103.53,,,,,,,,,,,,,77674719.84,,77674719.84,45514872823.37,,1256197800.0,,,,1374964415.72,,-7209553.68,,16408532748.65,788302643.63,,94934105583.69,,,114754893638.01,4851882516.35,119606776154.36,165121648977.72998,定期报告,未审计,20190718,CNY,合并期末,2020-03-13T15:29:48
20190331,,111684417477.61,,,29000000.0,,,519774895.0,519774895.0,,,1141217461.93,,384483805.59,,,,,,,,,431220861.24,24025118303.24,,,,,43251000.8,137873999999.82,,36026250.0,,,,,,,,,,,,,,,,2387065065.2,,,,,15122025008.16,,,,,,3500753082.31,,,165831806.23,,802475235.56,,22014176447.46,159888176447.28,,,,11264653262.41,,,,1174011470.28,,,11384567204.0,,,,452032722.92,2703615843.46,32896456.27,,,,,3587234545.44,,,,,,,,,,,,,,,,30566115048.51,,,,,,,,,,,,,,,0.0,30566115048.51,,1256197800.0,,,,1374964415.72,,-9213360.8,,13444221244.84,788302643.63,,107203375298.64,,,124057848042.03,5264213356.74,129322061398.77,159888176447.28,定期报告,未审计,20190425,CNY,合并期末,2020-03-13T15:29:48
20181231,,112074791420.06,,,,,,563739710.0,563739710.0,,,1182378508.06,,343889944.47,,,,,,,,50954790.7,393890493.12,23506950842.22,,,,,140084334.11,137861835307.57,,36075000.0,,,,,29000000.0,,,,,,,21875565219.73,6624976679.42,15250588540.31,2031955.29,1954322968.68,1954322968.68,,15248556585.02,,15248556585.02,,,,,,3499175374.52,,,168414678.77,,1049294821.45,,21984839428.44,159846674736.00998,,,,11473011885.36,,,,1178296416.59,,1178296416.59,13576516813.44,,,,2034514658.91,10771075966.85,42770451.84,,,,3362000620.49,3404771072.33,,,,,,,,,,,,,,,,42438186813.48,,,,,,,,,,,,,,,0.0,42438186813.48,,1256197800.0,,,,1374964415.72,,-7065725.7,,13444221244.84,788302643.63,,95981943953.56,,,112838564332.05,4569923590.48,117408487922.53,159846674736.00998,定期报告,是,20200422,CNY,合并期末,2020-03-13T15:29:48
20180930,,100750857255.34,,,,,,620590547.0,620590547.0,,,1121079958.81,,382283378.08,,,,,,,,,450243280.28,21862256652.91,,,,,25871272.99,124830898967.33,,42900000.0,,,,,29000000.0,,,,,,,,,,,2351418276.53,2351418276.53,,14812649901.59,,14812649901.59,,,,,,3468289232.18,,,170268035.13,,1442247963.4,,22316773408.83,147147672376.16,,,,18692496142.26,,,,922724284.83,,,11167533769.62,,,,548714026.45,5025353546.05,33820916.55,,,,,4618218558.02,,,,,,,,,,,,,,,,40975040327.23,,,,,,,,15570000.0,15570000.0,,,,,,15570000.0,40990610327.23,,1256197800.0,,,,1374964415.72,,-5928801.14,,13297348655.71,600859229.62,,85846187413.81,,,102369628713.72,3787433335.21,106157062048.93,147147672376.16,定期报告,未审计,20181029,CNY,合并期末,2020-03-13T15:29:48
20180630,,83660170568.71,,,,,,690294516.9,690294516.9,,,818855540.6,,381568388.93,,,,,,,,68065410.06,449633798.99,22087351503.61,,,,,32598221.52,107738904150.33,,42900000.0,,,,,29000000.0,,,,,,,20996319341.49,6087590315.83,14908729025.66,2031955.29,2320642541.01,2320642541.01,,14906697070.37,,14906697070.37,,,,,,3487751876.76,,,172798581.6,,1216138278.14,,22175928347.88,129914832498.21,,,,12995734959.46,,,,1168934463.4,,1168934463.4,9940315208.28,,,,505809848.76,1712995353.28,30777833.54,2580473549.23,,,4459746711.68,7070998094.45,,,,,,,,,,,,,,,,33394787927.63,,,,,,,,,15570000.0,15570000.0,,,,,15570000.0,33410357927.63,,1256197800.0,,,,1374964415.72,,-8513766.42,,13297348655.71,600859229.62,,76876820476.14,,,93397676810.77,3106797759.81,96504474570.58,129914832498.21,定期报告,未审计,20180802,CNY,合并期末,2020-03-13T15:29:48
20180331,,87211373700.73,,97500000.0,,,,798746524.9,798746524.9,,,756802769.07,,832616980.52,,,,,,,,41794738.23,874411718.75,22026303941.34,,,,,16247363.82,111781386018.61,,25593750.0,,,,,29000000.0,,,,,,,,,,,2377082563.95,2377082563.95,,15179337572.51,,15179337572.51,,,,,,3437446976.1,,,175329128.07,,1399765939.06,,22623555929.69,134404941948.3,,,,8652639417.43,,,,1020239721.89,,1020239721.89,13172068428.44,,,,335223076.5,2384919698.71,14307389.24,,,,3660293060.71,3674600449.95,,,,,,,,,,,,,,,,29239690792.92,,,,,,,,,15570000.0,15570000.0,,,,,15570000.0,29255260792.92,,1256197800.0,,,,1374964415.72,,-7883649.39,,8215595509.69,600859229.62,,88518214128.53,,,99957947434.17,5191733721.21,105149681155.38,134404941948.3,定期报告,未审计,20180428,CNY,合并期末,2020-03-13T15:29:48
20171231,,87868869913.34,,,,,,1221706039.0,1221706039.0,,,790807322.07,,241458615.89,,,,,,,,31323463.35,272782079.24,22057481376.46,,,,,37539231.49,112249185961.6,,33150000.0,,,,,29000000.0,,,,,,,20793602131.91,5547473544.6,15246128587.31,2031955.29,2016405005.77,2016405005.77,,15244096632.02,,15244096632.02,,,,,,3458622239.38,,,177859674.54,,1401797361.77,,22360930913.48,134610116875.08,,,,10462613754.14,,,,992055910.47,,992055910.47,14429106902.38,,,,1901644193.64,7726135741.9,23414593.67,,,,3039948303.8,3063362897.47,,,,,,,,,,,,,,,,38574919400.0,,,,,,,,,15570000.0,15570000.0,,,,,15570000.0,38590489400.0,,1256197800.0,,,,1374964415.72,,-7401576.4,,8215595509.69,600859229.62,,80011307450.33,,,91451522828.96,4568104646.12,96019627475.08,134610116875.08,定期报告,是,20190329,CNY,合并期末,2020-03-13T15:29:48
20170930,,80964678997.12,,,,,,1829625354.0,1829625354.0,,,801295419.17,,242686627.52,,,,,,,,58475466.27,301162093.79,20871002103.49,,,,,35530822.63,104803294790.2,,29250000.0,,,,,29000000.0,,,,,,,,,,,2393782465.27,2393782465.27,,14851183242.59,,14851183242.59,,,,,,3473785664.35,,,180381853.67,,2019358117.12,,22976741343.0,127780036133.2,,,,11898647918.15,,,,1087911405.19,,1087911405.19,17471599148.5,,,,438813137.86,5369883309.78,24740964.15,,,,3092024975.44,3116765939.59,,,,,,,,,,,,,,,,39383620859.07,,,,,,,,,15570000.0,15570000.0,,,,,15570000.0,39399190859.07,,1256197800.0,,,,1374964415.72,,-7229608.16,,8032437263.12,420758409.36,,73279053245.52,,,84356181525.56,4024663748.57,88380845274.13,127780036133.2,定期报告,未审计,20171026,CNY,合并期末,2020-03-13T15:29:48
20170630,,73635347053.15,,,,,,1698067207.28,1698067207.28,,,984578688.42,,156890931.4,,,,,,,,48447614.91,205338546.31,20850310407.04,,,,,24148290.79,97397790192.99,,224250000.0,,,,,29000000.0,,,,,,,20066728550.2,5029080780.88,15037647769.32,2031955.29,2191037165.14,2191037165.14,,15035615814.03,,15035615814.03,,,,,,3486620572.55,,,182978339.78,,1835447883.46,,22984949774.96,120382739967.95,,,,8789158186.18,,,,1064431609.18,,1064431609.18,17780462402.41,,,,412607384.94,1942909140.98,39370998.08,8529177880.8,,,2745801694.92,11314350573.8,,,,,,,,,,,,,,,,41303919297.49,,,,,,,,,15570000.0,15570000.0,,,,,15570000.0,41319489297.49,,1256197800.0,,,,1374964415.72,,-7793841.05,,8032437263.12,420758409.36,,64546067191.13,,,75622631238.28,3440619432.18,79063250670.46,120382739967.95,定期报告,未审计,20170728,CNY,合并期末,2020-03-13T15:29:48
20170331,,72708333794.74,,,,,,1176901568.28,1176901568.28,,,861069103.01,,239223538.55,,,,,,,,121467406.43,360690944.98,20760473514.6,,,,,21954140.71,95889423066.32,,242701246.38,,,,,29000000.0,,,,,,,,,,,2082556665.81,2082556665.81,,15197596002.52,,15197596002.52,,,,,,3506692179.84,,,185603910.53,,1845145948.68,,23089295953.76,118978719020.08,,,,10545428091.11,,,,1061686903.5,,1061686903.5,18987716266.92,,,,428985472.01,2972481741.98,39606282.75,,,,2473356946.23,2512963228.98,,,,,,,,,,,,,,,,36509261704.5,,,,,,,,,15570000.0,15570000.0,,,,,15570000.0,36524831704.5,,1256197800.0,,,,1374964415.72,,-10729839.77,,7135649963.12,420758409.36,,68840927360.74,,,79017768109.17,3436119206.41,82453887315.58,118978719020.08,定期报告,未审计,20170425,CNY,合并期末,2020-03-13T15:29:48
20161231,,66854962118.22,,390000000.0,,,,817627172.0,817627172.0,,,1046100696.92,,140904856.88,,,,,,,,77227565.37,218132422.25,20622251825.55,,,,,231474570.63,90180548805.57,,60833517.03,,,,,29000000.0,,,,,,,18970235526.67,4515026132.04,14455209394.63,2031955.29,2745579995.68,2745579995.68,,14453177439.34,,14453177439.34,,,,,,3531740625.6,,,188118776.51,,1745539120.68,,22753989474.84,112934538280.41,,,,10778818332.13,,,,1040608203.18,,1040608203.18,17541082237.01,,,,1628507252.03,4272289194.57,34481635.33,,,,1724638571.44,1759120206.77,,,,,,,,,,,,,,,,37020425425.69,,,,,,,,,15570000.0,15570000.0,,,,,15570000.0,37035995425.69,,1256197800.0,,,,1374964415.72,,-11240841.56,,7135649963.12,420758409.36,,62717808036.61,,,72894137783.25,3004405071.47,75898542854.72,112934538280.41,定期报告,是,20180328,CNY,合并期末,2020-03-13T15:29:48
20160930,,61999742903.47,,,,,,1146640784.3,1138138783.1,8502001.2,,1323120682.97,,125442817.73,,,,,,,,125415641.23,250858458.96,18782523499.96,,,,,,83502886329.66,,169872720.99,,,,,29000000.0,,,,,,,,,,,5549292771.23,5549022900.41,269870.82,11249022570.67,1792981.04,11250815551.71,,,,,,3551889907.73,,,190287366.2,,901987637.61,,21643145955.47,105146032285.13,,,,12481118464.52,,,,196762048.32,,196762048.32,17393113994.45,,,,425171258.82,1940334705.9,21599948.09,,,,1388858403.96,1410458352.05,,,,,,,,,,,,,,,,33846958824.06,,,,,,,,,15570000.0,15570000.0,,,,,15570000.0,33862528824.06,,1256197800.0,,,,1374964415.72,,-9828907.23,,7083825670.94,218361303.43,,58719244464.7,,,68642764747.56,2640738713.51,71283503461.07,105146032285.13,定期报告,未审计,20161029,CNY,合并期末,2020-03-13T15:29:48
20160630,,47528057097.45,,,,,,6562529133.44,6561484493.64,1044639.8,,1281379954.61,,80171834.96,,,,,,,,56402587.5,136574422.46,18444926424.66,,,,,,73953467032.62,,171638439.89,,,,,29000000.0,,,,,,,15452666657.57,4092836706.31,11359829951.26,2048320.65,5372537213.14,5372267342.32,269870.82,11357781630.61,1792981.04,11359574611.65,,,,,,3572114511.04,,,192922015.68,,895245348.82,,21593032140.22,95546499172.84,,,,7679691671.95,,,,287201701.54,,287201701.54,11481462347.1,,,,426673790.71,1839062337.44,46904631.72,4977430129.36,,,1439340879.64,6463675640.72,,,,,,,,,,,,,,,,28177767489.46,,,,,,,,,15570000.0,15570000.0,,,,,15570000.0,28193337489.46,,1256197800.0,,,,1374964415.72,,-10741866.18,,7083825670.94,218361303.43,,55056303838.58,,,64978911162.49,2374250520.89,67353161683.38,95546499172.84,定期报告,未审计,20160827,CNY,合并期末,2020-03-13T15:29:48
20160331,,43775736151.7,,400000000.0,,,,4678349675.35,4678118906.46,230768.89,,1523446788.56,,133573079.36,,,,,,,,64872644.27,198445723.63,18537817778.2,,,,,,69113796117.44,,136500000.0,,,,,29000000.0,,,,,,,,,,,5278127124.42,5277866268.5,260855.92,11485879409.51,1792981.04,11487672390.55,,,,,,3562139114.35,,,195934362.54,,887280412.58,,21576653404.44,90690449521.88,,,,6958646012.01,,,,527287333.6,,527287333.6,8544531234.99,,,,468031934.29,1872491613.95,40428159.98,,,,1322204243.44,1362632403.42,,,,,,,,,,,,,,,,19733620532.26,,,,,,,,,15570000.0,15570000.0,,,,,15570000.0,19749190532.26,,1256197800.0,,,,1374964415.72,,-9516873.08,,6210524497.54,218361303.43,,59768236093.09,,,68818767236.7,2122491752.92,70941258989.62,90690449521.88,定期报告,未审计,20160421,CNY,合并期末,2020-03-13T15:29:48
20151231,,36800749895.06,,,,,,8579166175.71,8578935406.82,230768.89,,1477734859.9,,85347051.47,,,,,,,,48219018.75,133566070.22,18013297022.7,,,,,,65004514023.59,,19500000.0,,,,,29000000.0,,,,,,,15093346708.61,3675345198.24,11418001510.37,2048320.65,4895411572.43,4895150716.51,260855.92,11415953189.72,682594.04,11416635783.76,,,,,,3582462431.04,,,198603537.81,,1155336074.14,,21296949399.18,86301463422.77,,,,5967622299.13,,,,880976072.09,,880976072.09,8261582073.04,,,,975477747.06,2515516156.83,27409447.4,,,,1423139205.93,1450548653.33,,,,,,,,,,,,,,,,20051723001.48,,,,,,,,,15570000.0,15570000.0,,,,,15570000.0,20067293001.48,,1256197800.0,,,,1374964415.72,,-13034075.47,,6210524497.54,218361303.43,,54878964497.77,,,63925978438.99,2308191982.3,66234170421.29,86301463422.77,定期报告,是,20170415,CNY,合并期末,2020-03-13T15:29:48
20150930,,30536117619.71,,,,,,8295226735.06,8291402262.23,3824472.83,,1888387087.94,,136725651.17,,,,,,,,59819918.3,196545569.47,16381165059.87,,,,,,57297442072.05,,21060000.0,,,,,29000000.0,,,,,,,,,,,4746593305.46,4746332449.54,260855.92,10891205189.39,682594.04,10891887783.43,,,,,,3603081357.78,,,202031249.06,,767938421.36,,20261592117.09,77559034189.14,,,,6366438656.43,,,,316757090.78,,316757090.78,5605690314.39,,,,330010898.12,1747481864.04,15831375.97,,,,1240211431.33,1256042807.3,,,,,,,,,,,,,,,,15622421631.06,,,,,,,,,17770000.0,17770000.0,,,,,17770000.0,15640191631.06,,1256197800.0,,,,1374964415.72,,-12472326.27,,5249407234.62,134294502.37,,51845696029.08,,,59848087655.52,2070754902.56,61918842558.08,77559034189.14,定期报告,未审计,20151023,CNY,合并期末,2020-03-13T15:29:48
20150630,,30236504717.38,,,,,,3955241181.48,3954874737.49,366443.99,,2556244726.21,,136529732.49,,,,,,,,71376458.32,207906190.81,16284072631.22,,,,,,53239969447.1,,30810000.0,50000000.0,,,,29000000.0,,,,,,,13670077972.72,3291533322.04,10378544650.68,2072859.64,4447065591.22,4446804735.3,260855.92,10376471791.04,,10376471791.04,,,,,,3612750116.11,,,2963228.01,,548714031.45,,19097774757.83,72337744204.93,,,,3048959262.23,,,,563904100.66,,563904100.66,2336532250.08,,,,272740804.59,1160203414.39,33124441.8,,,,1242727741.64,1275852183.44,,,,,,,,,,,,,,,,8658192015.39,,,,,,,,,17770000.0,17770000.0,,,,,17770000.0,8675962015.39,,1141998000.0,,,,1374964415.72,,-14908204.18,,5249407234.62,134294502.37,,53418589613.54,,,61304345562.07,2357436627.47,63661782189.54,72337744204.93,定期报告,未审计,20150828,CNY,合并期末,2020-03-13T15:29:48
20150331,,28420683403.89,,,,,,2808617767.45,2808126680.46,491086.99,,3399221186.74,,117630548.84,,,,,,,,88011586.52,205642135.36,15619209608.46,,,,,,50453374101.9,,30810000.0,50000000.0,,,,4000000.0,,,,,,,,,,,3481138015.48,3480877159.56,260855.92,10438792823.57,,10438792823.57,,,,,,3562868314.7,,,4437945.83,,743599436.94,,18315646536.52,68769020638.42,,,,2834497983.33,,,,280348676.61,,280348676.61,2791357240.59,,,,314852542.09,1394870953.35,23734467.61,,,,1181440647.88,1205175115.49,,,,,,,,,,,,,,,,8821102511.46,,,,,,,,,17770000.0,17770000.0,,,,,17770000.0,8838872511.46,,1141998000.0,,,,1374964415.72,,-10342175.05,,5249407234.62,98594502.37,,49930959058.26,,,57785581035.92,2144567091.04,59930148126.96,68769020638.42,定期报告,未审计,20150421,CNY,合并期末,2020-03-13T15:29:48
20141231,,27710717680.21,,,,,,1852144779.07,1847838617.83,4306161.24,,2864210404.28,,80602922.33,,,,,,,,80888920.58,161491842.91,14982364367.85,,,,,,47570929074.32,,30810000.0,60000000.0,,,,4000000.0,,,,,,,13296695686.77,2918865055.54,10377830631.23,2072859.64,3422035303.94,3421774448.02,260855.92,10375757771.59,,10375757771.59,,,,,,3582623682.24,,,5408286.83,,821601105.71,,18302236150.31,65873165224.63,,62552484.0,,3956450709.19,,,,707534647.54,,707534647.54,1476233096.09,,,,988643842.56,2105178165.87,15365197.91,,,,1231886240.35,1247251438.26,,,,,,,,,,,,,,,,10543844383.51,,,,,,,,,17770000.0,17770000.0,,,,,17770000.0,10561614383.51,,1141998000.0,,,,1374964415.72,,-619043.99,,5249407234.62,98594502.37,,45566057337.37,,,53430402446.09,1881148395.03,55311550841.12,65873165224.63,定期报告,是,20160324,CNY,合并期末,2020-03-13T15:29:48
20140930,,22795906975.31,,,,,,1161028764.09,1158808485.1,2220278.99,,4397548540.99,,35968733.61,,,,,,,,145347841.7,181316575.31,13454959038.03,,,,,,41990759893.73,,9850000.0,65000000.0,,,,4000000.0,2750000.0,,,,,,,,,,3052887210.23,3051662444.08,1224766.15,9003408249.86,836478.5,9004244728.36,,,,,,3565626838.78,,,5917951.89,,950518493.66,,16660795222.92,58651555116.65,,,,4078254492.39,,,,254046624.27,,254046624.27,863078519.54,,,,229074380.43,1739406024.62,7473820.49,,,,1121122683.4,1128596503.89,,,,,,,,,,,,,,,,8292456545.14,,,,,,,,,17770000.0,17770000.0,,,,,17770000.0,8310226545.14,,1141998000.0,,,,1374964415.72,,,,5276552448.52,28596286.27,,40918438890.05,,,48740550040.56,1600778530.95,50341328571.51,58651555116.65,定期报告,未审计,20141030,CNY,合并期末,2020-03-13T15:29:48
20140630,,21095077301.21,,,,,,301912861.09,299692582.1,2220278.99,,3864638855.5,,40227055.55,,,,,,,,95846344.88,136073400.43,13240654522.65,,,,,,38638356940.88,,,65000000.0,,,,,6750000.0,,,,,,11564684115.2,2644748857.76,8919935257.44,2081042.32,2922717088.77,2921492322.62,1224766.15,8917854215.12,260558.5,8918114773.62,,,,,,3700019421.59,,,6799810.74,,960373469.91,,16579774564.63,55218131505.51,,,,4150021014.36,,,,300447845.04,,300447845.04,544093908.06,,,,206743735.74,2044133978.8,33684820.81,,,,1297059321.48,1330744142.29,,,,,,,,,,,,,,,,8576184624.29,,,,,,,,,17770000.0,17770000.0,,,,,17770000.0,8593954624.29,,1141998000.0,,,,1374964415.72,,,,5276552448.52,28596286.27,,37454963518.71,,,45277074669.22,1347102212.0,46624176881.22,55218131505.51,定期报告,未审计,20140829,CNY,合并期末,2020-03-13T15:29:48
20140331,,23364071644.09,,,,,,289923057.79,287246643.0,2676414.79,,3882463942.29,,69911833.34,,,,,,,,141988112.85,211899946.19,12697658854.74,,,,,,40446017445.1,,16596250.0,50000000.0,,,,,6750000.0,,,,,,,,,,2243700685.17,2241975574.71,1725110.46,8768403594.12,,8768403594.12,,,,,,3686129714.08,,,7196207.08,,804831808.56,,15583608259.01,56029625704.11,,,,2470841255.14,,,,179958598.31,,179958598.31,1620934562.94,,,,246301793.32,2154365485.9,24308411.11,564392547.62,,,1297181405.14,1885882363.87,,,,,,,,,,,,,,,,8558284059.48,,,,,,,,,17770000.0,17770000.0,,,,,17770000.0,8576054059.48,,1038180000.0,,,,1374964415.72,,,,4220803927.18,13296286.27,,39640361782.25,,,46287606411.42,1165965233.21,47453571644.63,56029625704.11,定期报告,未审计,20140425,CNY,合并期末,2020-03-13T15:29:48
20131231,,25185009331.68,,,,,,297011227.79,296084005.0,927222.79,,4304579299.68,,188599147.23,,,,,,,,119574188.82,308173336.05,11836810239.03,,,,,,41931583434.23,,90527500.0,50000000.0,,,,4000000.0,4000000.0,,,,,,10855833652.37,2330394132.39,8525439519.98,2182559.87,458053402.59,456328292.13,1725110.46,8523256960.11,,8523256960.11,,,,,,3563308110.51,,,8048744.96,,825372524.65,,13522567242.82,55454150677.05,,,,2773189099.54,,,,284748288.89,,284748288.89,3045113586.1,,,,260284491.74,3311880890.49,27383888.89,,,,1604688158.14,1632072047.03,,,,,,,,,,,,,,,,11307288403.79,,,,,,,,,17770000.0,17770000.0,,,,,17770000.0,11325058403.79,,1038180000.0,,,,1374964415.72,,,,4220803927.18,13296286.27,,35974971858.64,,,42622216487.81,1506875785.45,44129092273.26,55454150677.05,定期报告,是,20150421,CNY,合并期末,2020-03-13T15:29:48
20130930,,22011372945.09,,,,,,197199884.79,196272614.0,927270.79,,6514401257.13,,291069085.54,,,,,,,,140614152.96,431683238.5,10686189842.1,,,,,,39840847167.61,,24750000.0,50000000.0,,,,,4000000.0,,,,,,,,,,510975149.59,508298207.0,2676942.59,7165765337.16,,7165765337.16,,,,,,1041613845.31,,,8736497.6,,627749883.44,,9433590713.1,49274437880.71,,,,3212830935.14,,,,295246227.42,,295246227.42,1942323729.47,,,,234790816.41,2412250959.07,13514111.11,,,,1325343399.9,1338857511.01,,,,,,,,,,,,,,,,9436300178.52,,,,,,,,,17770000.0,17770000.0,,,,,17770000.0,9454070178.52,,1038180000.0,,,,1374964415.72,,,,4221669105.93,,,31915957705.96,,,38550771227.61,1269596474.58,39820367702.19,49274437880.71,定期报告,未审计,20131016,CNY,合并期末,2020-03-13T15:29:48
20130630,,18274962102.51,,,,,,160079131.79,159151909.0,927222.79,,5560921770.11,,237708837.44,,,,,,,,110283776.33,347992613.77,10339021451.72,,,,,,34682977069.9,,,50000000.0,,,,,4000000.0,,,,,,9142283479.47,2093093895.15,7049189584.32,2189225.9,503310073.11,500633130.52,2676942.59,7047000358.42,,7047000358.42,,,,,,1022370760.39,,,8234551.51,,302817568.36,,8937733311.79,43620710381.69,,,,3222131230.17,,,,154945158.11,,154945158.11,834909649.16,,,,237704671.96,1605568712.39,,429516584.82,,,1339057191.56,1768573776.38,,,,,,,,,,,,,,,,7823833198.17,,,,,,,,,17770000.0,17770000.0,,,,,17770000.0,7841603198.17,,1038180000.0,,,,1374964415.72,,,,4221669105.93,,,28098707911.97,,,34733521433.62,1045585749.9,35779107183.52,43620710381.69,定期报告,未审计,20130831,CNY,合并期末,2020-03-13T15:29:48
20130331,,21735234696.97,,,,,,72114818.17,70770220.78,1344597.39,,4682606669.5,,169802147.38,,,,,,,,111065467.06,280867614.44,10085273971.49,,,,,,36856097770.57,,,50000000.0,,,,,4000000.0,,,,,,,,,,480416539.24,477739596.65,2676942.59,6984113447.43,,6984113447.43,,,,,,950991339.07,,,9205790.47,,567395099.31,,9046122215.52,45902219986.09,,,,,,,,228373243.58,,228373243.58,2866551653.98,,,,243914542.02,1777802419.79,,629516584.82,,,1542658486.48,2172175071.3,,,,,,,,,,,,,,,,7288816930.67,,,,,,,,,17770000.0,17770000.0,,,,,17770000.0,7306586930.67,,1038180000.0,,,,1374964415.72,,,,3036434460.46,,,32293173381.17,,,37742752257.35,852880798.07,38595633055.42,45902219986.09,定期报告,未审计,20130418,CNY,合并期末,2020-03-13T15:29:48
20121231,,22061999850.17,,,,,,221897265.07,204079117.8,17818147.27,,3872870407.89,,264612813.22,,,,,,,,137968684.11,402581497.33,9665727593.42,,,,,,36225076613.88,,,50000000.0,,,,,4000000.0,,,,,,8650280685.67,1840758228.68,6809522456.99,2189225.9,395349266.54,392672323.95,2676942.59,6807333231.09,,6807333231.09,,,,,,862615899.2,,,10177029.43,,643656913.32,,8773132339.58,44998208953.46,,,,,,,,345280977.68,,345280977.68,5091386269.55,,,,269657755.58,2430093461.38,,,,,1389984092.02,1389984092.02,,,,,,,,,,,,,,,,9526402556.21,,,,,,,,,17770000.0,17770000.0,,,,,17770000.0,9544172556.21,,1038180000.0,,,,1374964415.72,,,,3036434460.46,,,28700075247.5,,,34149654123.68,1304382273.57,35454036397.25,44998208953.46,定期报告,是,20140325,CNY,合并期末,2020-03-13T15:29:48
20120930,,18690032974.06,,,,,,350383265.24,348529803.5,1853461.74,,3967252707.78,,265954783.11,,,,,,,,324914133.94,590868917.05,7887354887.06,,,,,,31485892751.19,,,50000000.0,,,,,4000000.0,,,,,,,,,,360020470.35,357930180.56,2090289.79,5838430602.05,,5838430602.05,,,,,,803234798.06,,,11148268.39,,282149572.67,,7348983711.52,38834876462.71,,,,,,,,192020463.82,,192020463.82,3747235013.62,,,,230251781.13,1343260348.41,,195688455.98,,,1117084930.97,1312773386.95,,,,,,,,,,,,,,,,6825540993.93,,,,,,,,,17770000.0,17770000.0,,,,,17770000.0,6843310993.93,,1038180000.0,,,,1374964415.72,,,,3038678758.3,,,25807560553.65,,,31259383727.67,732181741.11,31991565468.78,38834876462.71,定期报告,未审计,20121026,CNY,合并期末,2020-03-13T15:29:48
20120630,,20981859110.76,,,,,,223497649.24,221512122.5,1985526.74,,3010108854.59,,213786369.86,,,,,,,,221192977.42,434979347.28,7773834492.67,,,,,,32424279454.54,,,50000000.0,,,,,4000000.0,,,,,,7328811396.79,1627924381.23,5700887015.56,2189225.9,333188596.27,331098306.48,2090289.79,5698697789.66,,5698697789.66,,,,,,807769533.46,,,11885526.8,,381631064.63,,7287172510.82,39711451965.36,,,,,,,,177403043.46,,177403043.46,4045101878.22,,,,209540857.96,1533917683.56,,4233765263.57,,,1089178004.96,5322943268.53,,,,,,,,,,,,,,,,11288906731.73,,,,,,,,,17770000.0,17770000.0,,,,,17770000.0,11306676731.73,,1038180000.0,,,,1374964415.72,,,,3038678758.3,,,22385472933.19,,,27837296107.21,567479126.42,28404775233.63,39711451965.36,定期报告,未审计,20120810,CNY,合并期末,2020-03-13T15:29:48
20120331,,18851427038.66,,,,,,233555406.58,231498512.5,2056894.08,,2326144239.71,,154585967.42,,,,,,,,88895233.0,243481200.42,7578019306.96,,,,,,29232627192.33,,,50000000.0,,,,,4000000.0,,,,,,,,,,333719809.28,316656062.34,17063746.94,5489821741.05,,5489821741.05,,,,,,805843181.95,,,12845444.12,,478727366.87,,7174957543.27,36407584735.6,,,,,,,,227653182.72,,227653182.72,5771602337.29,,,,239894196.92,759279831.05,,2250000.0,,,858514785.59,860764785.59,,,,,,,,,,,,,,,,7859194333.57,,,,,,,,,17770000.0,17770000.0,,,,,17770000.0,7876964333.57,,1038180000.0,,,,1374964415.72,,,,2640916373.35,,,22906334977.69,,,27960395766.76,570224635.27,28530620402.03,36407584735.6,定期报告,未审计,20120426,CNY,合并期末,2020-03-13T15:29:48
20111231,,18254690162.04,,,,,,254326792.56,252101396.08,2225396.48,,1861027424.03,,225182760.05,,,,,,,,47287488.89,272470248.94,7187117552.86,,,,,,27829632180.43,,,60000000.0,,,,,4000000.0,,,,,,6856193950.34,1427991243.8,5428202706.54,2190356.93,256364621.07,251446326.43,4918294.64,5426012349.61,,5426012349.61,,,,,,808425512.33,,,13805361.44,,502628950.53,,7071236794.98,34900868975.41,,,,,,,,172343585.06,,172343585.06,7026648776.8,,,,577522908.06,788080887.25,,,,,916123206.95,916123206.95,,,,,,,,,,,,,,,,9480719364.12,,,,,,,,,16770000.0,16770000.0,,,,,16770000.0,9497489364.12,,1038180000.0,,,,1374964415.72,,,,2640916373.35,,,19937119181.96,,,24991179971.03,412199640.26,25403379611.29,34900868975.41,定期报告,是,20130329,CNY,合并期末,2020-03-13T15:29:48
20110930,,18288326258.07,,,,,,298969960.76,296850744.08,2119216.68,,1911544400.13,,176109284.02,,,,,,,,79529417.68,255638701.7,6232185752.04,,,,,,26986665072.7,,,60000000.0,,,,,4000000.0,,,,,,,,,,302234619.56,293041026.48,9193593.08,4703882763.38,,4703882763.38,,,,,,464193004.39,,,16893673.4,,356389121.9,,5907593182.63,32894258255.33,,,,,,,,256736972.69,,256736972.69,6818054223.34,,,,224194887.57,1426862877.28,,225593890.95,,,839515287.22,1065109178.17,,,,,,,,,,,,,,,,9790958139.05,,,,,,,,,19530000.0,19530000.0,,,,,19530000.0,9810488139.05,,1038180000.0,,,,1374964415.72,,,,2206854637.22,,,18177119652.08,,,22797118705.02,286651411.26,23083770116.28,32894258255.33,定期报告,未审计,20111018,CNY,合并期末,2020-03-13T15:29:48
20110630,,17291687378.52,,,,,,218783830.55,216485295.28,2298535.27,,1861395541.03,,127606199.03,,,,,,,,54398087.07,182004286.1,5915613288.33,,,,,,25469484324.53,,,60000000.0,,,,,4000000.0,,,,,,5526364249.93,1255585289.34,4270778960.59,2190356.93,350420100.79,341962470.41,8457630.38,4268588603.66,,4268588603.66,,,,,,465496995.37,,,17838414.5,,284320662.58,,5450664776.9,30920149101.43,,,,,,,,103561187.98,,103561187.98,4934943749.88,,,,236869502.0,996570725.11,,2269077517.96,,,814640531.35,3083718049.31,,,,,,,,,,,,,,,,9355663214.28,,,,,,,,,19530000.0,19530000.0,,,,,19530000.0,9375193214.28,,943800000.0,,,,1374964415.72,,,,2206854637.22,,,16609592149.39,,,21135211202.33,409744684.82,21544955887.15,30920149101.43,定期报告,未审计,20110831,CNY,合并期末,2020-03-13T15:29:48
20110331,,15998489422.76,,,,,,176865905.6,175868596.7,997308.9,,1609203876.23,,39447517.81,,,,,,,,101048054.41,140495572.22,5831734652.08,,,,,,23756789428.89,,,60000000.0,,,,,4000000.0,,,,,,,,,,325584547.54,312224946.49,13359601.05,4218762324.31,,4218762324.31,,,,,,467473261.34,,,18202831.82,,310887789.67,,5404910754.68,29161700183.57,,,,,,,,105625766.65,,105625766.65,6343640233.49,,,,315369564.19,707250314.52,,318584196.29,,,820549084.17,1139133280.46,,,,,,,,,,,,,,,,8611019159.31,,,,,,,,,10000000.0,10000000.0,,,,,10000000.0,8621019159.31,,943800000.0,,,,1374964415.72,,,,2176754189.47,,,15787250430.54,,,20282769035.73,257911988.53,20540681024.26,29161700183.57,定期报告,未审计,20110423,CNY,合并期末,2020-03-13T15:29:48
20101231,,12888393889.29,,,,,,206065701.11,204811101.2,1254599.91,,1529868837.52,,42728425.34,,,,,,,,59101891.63,101830316.97,5574126083.42,,,,,,20300284828.31,,,60000000.0,,,,,4000000.0,,,,,,5292997862.82,1098948382.88,4194049479.94,2198367.97,281987247.56,263458445.1,18528802.46,4191851111.97,,4191851111.97,,,,,,452317235.72,,,18701578.16,,278437938.97,,5287295112.38,25587579940.69,,,,,,,,232013104.28,,232013104.28,4738570750.16,,,,500258690.69,419882954.1,,318584196.29,,,818880550.55,1137464746.84,,,,,,,,,,,,,,,,7028190246.07,,,,,,,,,10000000.0,10000000.0,,,,,10000000.0,7038190246.07,,943800000.0,,,,1374964415.72,,,,2176754189.47,,,13903255455.61,,,18398774060.8,150615633.82,18549389694.62,25587579940.69,定期报告,是,20120411,CNY,合并期末,2020-03-13T15:29:48
20100930,,11026669577.42,,,,,,299167036.34,271163836.5,28003199.84,,1696132652.81,,76696541.09,,,,,,,,65611949.08,142308490.17,4791428914.66,,,,,,17955706671.4,,,60000000.0,,,,,4000000.0,,,,,,,,,,297192314.97,267427752.29,29764562.68,3754654673.63,,3754654673.63,,,,,,460772956.6,,,19768820.69,,257933326.35,,4854322092.24,22810028763.64,,,,,,,,141223975.25,,141223975.25,3261960544.99,,,,228822513.61,480477504.12,,220246678.33,,,745527353.9,965774032.23,,,,,,,,,,,,,,,,5078258570.2,,,,,,,,,10000000.0,10000000.0,,,,,10000000.0,5088258570.2,,943800000.0,,,,1374964415.72,,,,1702957797.1,,,13500031622.98,,,17521753835.8,200016357.64,17721770193.44,22810028763.64,定期报告,未审计,20101029,CNY,合并期末,2020-03-13T15:29:48
20100630,,10268861587.44,,,,,,208610766.83,179851211.3,28759555.53,,1491650205.12,,49443756.84,,,,,,,,69410894.24,118854651.08,4495328930.58,,,,,,16583306141.05,,,60000000.0,,,,,4000000.0,,,,,,4689758253.08,956325524.37,3733432728.71,2209824.59,306167458.9,277632965.17,28534493.73,3731222904.12,,3731222904.12,,,,,,463868158.93,,,18891838.01,,166372214.52,,4750522574.48,21333828715.53,,,,,,,,86036869.11,,86036869.11,1967772191.15,,,,219342568.92,333972453.08,,1186664698.06,,,792826638.99,1979491337.05,,,,,,,,,,,,,,,,4586615419.31,,,,,,,,,10000000.0,10000000.0,,,,,10000000.0,4596615419.31,,943800000.0,,,,1374964415.72,,,,1702957797.1,,,12425614934.95,,,16447337147.77,289876148.45,16737213296.22,21333828715.53,定期报告,未审计,20100812,CNY,合并期末,2020-03-13T15:29:48
20100331,,9980435183.57,,,,,,333226465.48,302156251.2,31070214.28,,1450038504.22,,183700.0,,,,,,,,91758741.03,91942441.03,4350958976.03,,,,,,16206601570.33,,,10000000.0,,,,,4000000.0,,,,,,,,,,305045225.2,270471465.02,34573760.18,3223949711.7,494592.89,3224444304.59,,,,,,462690687.36,,,20112027.37,,197205662.94,,4223497907.46,20430099477.79,,,,,,,,68881978.82,,68881978.82,3061744018.6,,,,221876918.46,351232906.34,,,,,720415463.55,720415463.55,,,,,,,,,,,,,,,,4424151285.77,,,,,,,,,10000000.0,10000000.0,,,,,10000000.0,4434151285.77,,943800000.0,,,,1374964415.72,,,,1585666147.4,,,11827214855.1,,,15731645418.22,264302773.8,15995948192.02,20430099477.79,定期报告,未审计,20100426,CNY,合并期末,2020-03-13T15:29:48
20091231,,9743152155.24,,,,,,402146597.48,380760283.2,21386314.28,,1203126087.16,,1912600.0,,,,,,,,96001483.15,97914083.15,4192246440.36,,,,17000000.0,,15655585363.39,,,10000000.0,,,,,4000000.0,,,,,,4005141131.95,834206151.07,3170934980.88,2209824.59,218871375.92,193956334.39,24915041.53,3168725156.29,,3168725156.29,,,,,,465550825.17,,,21469624.81,,225420802.14,,4114037784.33,19769623147.72,,,,,,,,139121352.45,,139121352.45,3516423880.2,,,,463948636.85,140524984.34,,137207662.62,,,710831237.05,848038899.67,,,,,,,,,,,,,,,,5108057753.51,,,,,,,,,10000000.0,10000000.0,,,,,10000000.0,5118057753.51,,943800000.0,,,,1374964415.72,,,,1585666147.4,,,10561552279.69,,,14465982842.81,185582551.4,14651565394.21,19769623147.72,定期报告,是,20110321,CNY,合并期末,2020-03-13T15:29:48
20090930,,7895280562.8,,,,,,317511735.25,275946452.8,41565282.45,,1140280815.69,,1675275.0,,,,,,,,84784967.44,86460242.44,3405325024.77,,,,,,12844858380.95,,,27000000.0,,,,,4000000.0,,,,,,,,,,869350625.6,811284321.64,58066303.96,2420836029.88,,2420836029.88,,,,,,466854656.8,,,3152879.4,,101887756.67,,3893081948.35,16737940329.3,,,,,,,,88587110.96,,88587110.96,1291979488.28,,,,85504323.52,361096981.97,,,,,685092693.54,685092693.54,,,,,,,,,,,,,,,,2512260598.27,,,,,,,,,10000000.0,10000000.0,,,,,10000000.0,2522260598.27,,943800000.0,,,,1374964415.72,,,,1344191389.06,,,10277532334.97,,,13940488139.75,275191591.28,14215679731.03,16737940329.3,定期报告,未审计,20091024,CNY,合并期末,2020-03-13T15:29:48
20090630,,7795808371.21,,,,,,197165976.94,157290474.4,39875502.54,,896708844.5,,1437950.0,,,,,,,,69470701.02,70908651.02,3256220582.65,,,,,,12216812426.32,,,27000000.0,,,,,4000000.0,,,,,,3024783968.78,737211102.31,2287572866.47,2287109.82,867837732.22,819595902.77,48241829.45,2285285756.65,,2285285756.65,,,,,,473613977.0,,,5462382.65,,93737740.64,,3756937589.16,15973750015.48,,,,,,,,59902501.9,,59902501.9,656278377.95,,,,81161284.65,317344605.57,,1058642428.87,,,623444447.46,1682086876.33,,,,,,,,,,,,,,,,2796773646.4,,,,,,,,,10000000.0,10000000.0,,,,,10000000.0,2806773646.4,,943800000.0,,,,1374964415.72,,,,1344191389.06,,,9280857397.4,,,12943813202.18,223163166.9,13166976369.08,15973750015.48,定期报告,未审计,20090807,CNY,合并期末,2020-03-13T15:29:48
20090331,,7662321131.3,,,,,,232222804.05,176104343.6,56118460.45,,715183784.33,,3084625.0,,,,,,,,61047011.65,64131636.65,3222966302.98,,,,,,11896825659.31,,,52000000.0,,,,,4000000.0,,,,,,,,,,749540570.49,673327881.16,76212689.33,2247266187.8,,2247266187.8,,,,,,476520713.93,,,7803175.43,,191547177.25,,3728677824.9,15625503484.21,,,,,,,,56283240.37,,56283240.37,1843123125.75,,,,94590770.93,256948214.32,,172451384.73,,,584099269.07,756550653.8,,,,,,,,,,,,,,,,3007496005.17,,,,,,,,,10000000.0,10000000.0,,,,,10000000.0,3017496005.17,,943800000.0,,,,1374964415.72,,,,1001133829.72,,,9141680742.69,,,12461578988.13,146428490.91,12608007479.04,15625503484.21,定期报告,未审计,20090421,CNY,合并期末,2020-03-13T15:29:48
20081231,,8093721891.16,,,,,,205437703.84,170612609.0,34825094.84,,741638536.34,,2783550.0,,,,,,,,82601388.17,85384938.17,3114567813.33,,,,,,12240750882.84,,,42000000.0,,,,,4000000.0,,,,,,2840789793.52,648329640.78,2192460152.74,2288240.85,645229947.59,582860996.7,62368950.89,2190171911.89,,2190171911.89,,,,,,445207595.72,,,10146520.77,,176680977.54,,3513436953.51,15754187836.35,,,,,,,,121289073.57,,121289073.57,2936266375.1,,,,361007478.77,256300257.23,,,,,575906355.73,575906355.73,,,,,,,,,,,,,,,,4250769540.4,,,,,,,,,,,,,,,,4250769540.4,,943800000.0,,,,1374964415.72,,,,1001133829.72,,,7924671271.03,,,11244569516.47,258848779.48,11503418295.95,15754187836.35,定期报告,是,20100402,CNY,合并期末,2020-03-13T15:29:48
20080930,,6402015794.54,,,,,,137952289.42,90608212.8,47344076.62,,29936840.23,,2482475.0,,,,,,,,89917156.88,92399631.88,2588105778.73,,,,,25315.56,9250435650.36,,,37000000.0,,,,,4000000.0,,,,,,,,,,1401133537.42,1314894893.37,86238644.05,1962510407.21,,1962510407.21,,,,,,257618015.97,,,8582962.86,,68169347.54,,3739014271.0,12989449921.36,,,,,,,,121894425.3,,121894425.3,936307045.5,,,,27515257.91,338517455.51,,115386977.67,,,642824025.63,758211003.3,,,,,,,,,,,,,,,,2182445187.52,,,,,,,,,,,,,,,,2182445187.52,,943800000.0,,,,1375111415.72,,,,996505519.4,,,7274577877.24,,,10589994812.36,217009921.48,10807004733.84,12989449921.36,定期报告,未审计,20081027,CNY,合并期末,2020-03-13T15:29:48
20080630,,5065871830.8,,,,,,142642341.86,94821890.8,47820451.06,,6728563.87,,2181400.0,,,,,,,,89092773.84,91274173.84,2443474684.34,,,,,25315.56,7750016910.27,,,37000000.0,,,,,4000000.0,,,,,,2521735729.56,572942292.03,1948793437.53,2288240.85,1218902743.52,1197950992.31,20951751.21,1946505196.68,,1946505196.68,,,,,,259113847.76,,,11461634.75,,49096749.72,,3526080172.43,11276097082.7,,,,,,,,74163740.54,,74163740.54,294309661.06,,,,25823194.86,274146541.99,,118186308.62,,,634832659.16,753018967.78,,,,,,,,,,,,,,,,1421462106.23,,,,,,,,,,,,,,,,1421462106.23,,943800000.0,,,,1375001165.72,,,,996505519.4,,,6369380098.84,,,9684686783.96,169948192.51,9854634976.47,11276097082.7,定期报告,未审计,20080828,CNY,合并期末,2020-03-13T15:29:48
20080331,,5564443319.29,,,,,,159912880.05,82127468.4,77785411.65,,2194804.11,,1880325.0,,,,,,,,101816908.19,103697233.19,2388248473.75,,,,,41315.56,8218538025.95,,,37000000.0,,,,,4000000.0,,,,,,,,,,1093666321.99,1043792132.59,49874189.4,1869754284.69,164317.37,1869918602.06,,,,,,247652499.98,,,13941111.95,,72160364.55,,3338338900.53,11556876926.48,,,,,,,,67839733.09,,67839733.09,1299238882.08,,,,595973.83,223988069.67,,41806958.04,,,637466044.74,679273002.78,,,,,,,,,,,,,,,,2270935661.45,,,,,,,,,,,,,,,,2270935661.45,,943800000.0,,,,1375001165.72,,,,838320965.63,,,5950374457.86,,,9107496589.21,178444675.82,9285941265.03,11556876926.48,定期报告,未审计,20080422,CNY,合并期末,2020-03-13T15:29:48
20071231,,4722706300.02,,,,,,147453377.34,101046224.0,46407153.34,,639762311.82,,3584400.0,,,,,,,,86114253.52,89698653.52,2304818947.92,,,,,,7904439590.62,,,58000000.0,,,,,4000000.0,,,,,,2336232481.6,506928584.91,1829303896.69,2320532.33,373447906.18,361516478.52,11931427.66,1826983364.36,,1826983364.36,,,,,,249274093.4,,,12477325.46,,52849560.43,,2577032249.83,10481471840.45,,,,,,,,59681964.5,,59681964.5,1125288196.26,,,,54596365.24,407747376.15,,41806958.04,,,423495209.82,465302167.86,,,,,,,,,,,,,,,,2112616070.01,,,,,,,,,,,,,,,,2112616070.01,,943800000.0,,,,1374964415.72,,,,838320965.63,,,5077020374.58,,,8234105755.93,134750014.51,8368855770.44,10481471840.45,定期报告,是,20090325,CNY,合并期末,2020-03-13T15:29:48
20070930,,4753385536.35,,,,,,215391814.43,146604935.58,68786878.85,,4056810.58,,2629400.0,,,,,,,,31805579.48,34434979.48,2100782615.33,,,,,7770.58,7108059526.75,,,58000000.0,,,,,4000000.0,,,,,,,,,,1262095754.97,1207096398.72,54999356.25,1435078966.87,456645.64,1435535612.51,,,,,,252846793.83,,,36691360.52,,36966481.41,,3086136003.24,10194195529.99,,,,,,,,58157974.63,,58157974.63,2225691510.17,,,,59665279.29,444610409.03,,41806958.04,,,411364074.5,453171032.54,,,,,,,,,,,,,,,,3241296205.66,,,,,,,,,,,,,,,,3241296205.66,,943800000.0,,,,1374898755.72,,,,1264879718.52,,,3291064389.64,,,6874642863.88,78256460.45,6952899324.33,10194195529.99,定期报告,未审计,20071023,CNY,合并期末,2020-03-13T15:29:48
20070630,,4809865056.16,,,,,,244527373.87,179337941.8,65189432.07,,629243.95,,2629400.0,,,,,,,,96256039.76,98885439.76,2120021426.1,,,,,3604.78,7273932144.62,,,58000000.0,,,,,4000000.0,,,,,,1886830580.1,452877272.98,1433953307.12,2338013.06,1097552816.0,1074086870.21,23465945.79,1431615294.06,,1431615294.06,,,,,,254479095.54,,,70552699.73,,36799639.74,,2952999545.07,10226931689.69,,,,,,,,69880889.48,,69880889.48,2442383982.64,,,,55185885.55,302508705.35,,722871772.95,,,414688558.23,1137560331.18,,,,,,,,,,,,,,,,4007519794.2,,,,,,,,,,,,,,,,4007519794.2,,943800000.0,,,,1374878083.61,,,,1264879718.52,,,2550293482.95,,,6133851285.08,85560610.41,6219411895.49,10226931689.69,定期报告,未审计,20070817,CNY,合并期末,2020-03-13T15:29:48
20070331,,4655485481.29,,,,,,298990598.13,195159382.47,103831215.66,,5226084.27,,,,,,,,,,69985881.11,69985881.11,2008331715.46,,,,,,7038019760.26,,,59769450.0,,,,,4000000.0,,,,,,,,,,1088887319.17,1073527595.41,15359723.76,1317726492.6,35490.0,1317761982.6,,,,,,255348897.25,,,68191994.96,,51325209.01,,2845284852.99,9883304613.25,,,,,,,,62111408.07,,62111408.07,2288687475.43,,,,32087669.52,580497443.64,,722688505.62,,,308664076.18,1031352581.8,,,,,,,,,,,,,,,191241.2,3994927819.66,,,,,,,,,,,,,,,,3994927819.66,,943800000.0,,,,1374779593.61,,,,1254272843.92,,,2247683074.8,,,5820535512.33,67841281.26,5888376793.59,9883304613.25,定期报告,未审计,20070428,CNY,合并期末,2020-03-13T15:29:48
20061231,,4474221148.33,,,,,,254000841.17,185653838.47,68347002.7,,3144616.2,,,,,,,,,,56675997.4,56675997.4,1980903106.21,,,,,,6768945709.31,,,42769450.0,,,,,4000000.0,,,,,,1628341190.03,403104607.59,1225236582.44,2338013.06,1036478620.54,989033918.02,47444702.52,1222898569.38,,1222898569.38,,,,,,256943698.66,,,68664033.57,,170093497.96,,2801847870.11,9570793579.42,,,,,,,,41247749.99,,41247749.99,2141468768.67,,,,109191195.98,811005431.92,,,,,300028402.49,300028402.49,8833803.59,,,,,,,,126932.01,,,,,,,3402941549.05,,,,,,,,,,,,,,,0.0,3402941549.05,,943800000.0,,,,1374449260.61,,,,620731198.51,,,3124438547.34,660660000.0,,6063419006.46,104433023.91,6167852030.37,9570793579.42,定期报告,是,20080313,CNY,合并期末,2020-03-13T15:29:48
20060930,,4083907788.34,,,,,,311607187.53,232808366.58,78798820.95,,29101123.61,,,,,,,,,,45825294.8,45825294.8,1883507683.55,,2089751.57,,,,6356038829.4,,,,,,,,10767452.71,,,,,,1401059495.09,380718143.39,1020341351.7,2338013.06,1290513720.06,1208808413.78,81705306.28,1018003338.64,140744.01,1018144082.65,,,,,,66853374.94,,,64111146.83,,,,2450389777.19,8806428606.59,,,,,,,,74371691.4,,74371691.4,2376011815.62,,,,61323495.32,579933248.23,,545065.2,,,240631371.05,241176436.25,4022175.68,,,,,,,,54545315.98,,,,,,,3391384178.48,,,,,,,,,,,,,,,0.0,3391384178.48,,943800000.0,,,,1374750770.61,,,,967252340.82,,,2058380373.47,,,5344183484.9,70860943.21,5415044428.11,8806428606.59,定期报告,未审计,20061025,CNY,合并期末,2020-03-13T15:29:48
20060630,,3419099920.66,,,,,,182474642.97,113565011.8,68909631.17,,15830509.64,,,,,,,,,,59586527.93,59586527.93,1855279898.31,,4163123.12,,,,5536434622.63,,,,,,,,10387452.7,,,,,,1392337301.1,359025617.69,1033311683.41,2338013.06,1092213209.87,1042924430.55,49288779.32,1030973670.35,122591.96,1031096262.31,,,,,,69018445.22,,,60712606.95,,,,2263427977.05,7799862599.68,,,,,,,,21723602.78,,21723602.78,1930943022.19,,,,55493188.91,518046187.67,,,,,208860858.97,208860858.97,2845552.53,,,,,,,,3475830.49,,,,,,,2741388243.54,,,,,,,,,,,,,,,0.0,2741388243.54,,943800000.0,,,,1374285110.61,,,,967252340.82,,,1712637291.57,3847276.8,,5001822019.8,56652336.34,5058474356.14,7799862599.68,定期报告,未审计,20060823,CNY,合并期末,2020-03-13T15:29:48
20060331,,3975708186.88,,,,,,133238511.24,72016701.8,61221809.44,,5682241.01,,,,,,,,,,66722558.24,66722558.24,1800160745.17,,5885590.27,,,,5987397832.81,,,,,,,,10243017.33,,,,,,1360766018.84,338726808.26,1022039210.58,2338013.06,970466324.43,943031845.61,27434478.82,1019701197.52,15676.67,1019716874.19,,,,,,56933580.29,,,58279125.24,,,,2115638921.48,8103036754.29,,,,,,,,44681505.44,,44681505.44,1497531229.96,,,,51631572.92,650983556.04,,42665714.49,,,178052630.78,220718345.27,3107623.77,,,,,,,,46087349.15,,,,,,,2514741182.55,,,,,,,,,,,,,,,0.0,2514741182.55,,471900000.0,,,,1846185110.61,,,,967252340.82,,,2114646547.62,141570000.0,,5541553999.05,46741572.69,5588295571.74,8103036754.29,定期报告,未审计,20060422,CNY,合并期末,2020-03-13T15:29:48
20051231,,3891989433.53,,,,,,203351190.41,159665200.08,43685990.33,,12385914.41,,,,,,,,,,51244124.02,51244124.02,1860549625.24,,,,,,6019520287.61,,,,,,,,10243017.33,,,,,,1301891634.66,318171586.1,983720048.56,2338013.06,928998972.99,909890443.63,19108529.36,981382035.5,,981382035.5,,,,,,57074911.58,,,60377239.58,,,,2038076176.98,8057596464.59,,,,,,,,30329177.02,,30329177.02,1543198286.97,,,,94549201.41,910874634.37,,37181810.0,,,269348761.11,306530571.11,8414392.5,,,,,,,,1305119.69,,,,,,,2895201383.07,,,,,,,,,,,,,,,0.0,2895201383.07,,471900000.0,,,,1846119450.61,,,,967252340.82,,,1665055777.74,141570000.0,,5091897569.17,70497512.35,5162395081.52,8057596464.59,定期报告,是,20070403,CNY,合并期末,2020-03-13T15:29:48
20050930,,3217007276.75,,,,,,183371189.8,142698346.08,40672843.72,,8885528.61,,,,,,,,,,71144267.86,71144267.86,1684279669.85,,7270021.37,445348.75,,,5172403302.99,,,,,,,,9838781.96,,,,,,1048320457.56,301220203.94,747100253.62,2350479.66,1034225198.34,974012522.41,60212675.93,744749773.96,13066.32,744762840.28,,,,,,57229688.0,,,58900390.14,,,,1904956898.72,7077360201.71,,,,,,,,21384556.04,,21384556.04,1432522801.74,,,,41176966.37,571081576.01,,,,,188286286.92,188286286.92,3716071.79,,,,,,,,53688595.81,,,,,,,2311856854.68,,,,,,,,,,,,,,,0.0,2311856854.68,,471900000.0,,,,1845673790.61,,,,648560928.3,,,1708963307.54,38361560.0,,4713459586.45,52043760.58,4765503347.03,7077360201.71,定期报告,未审计,20051025,CNY,合并期末,2020-03-13T15:29:48
20050630,,3065214770.19,,,,,,145087051.9,99986019.08,45101032.82,,10016746.35,,,,,,,,,,55856617.92,55856617.92,1668181460.46,,3257900.75,424850.36,,,4948039397.93,,,,,,,,9838781.96,,,,,,992159046.18,285180370.66,706978675.52,2350479.66,974585832.46,929053724.75,45532107.71,704628195.86,,704628195.86,,,,,,39766396.0,,,52057433.05,,,,1780876639.33,6728916037.26,,,,,,,,1663140.34,,1663140.34,1142634233.98,,,,41989017.98,488276213.83,,,,,320008573.99,320008573.99,1731857.81,,,,,,,,40775668.58,,,,,,,2037078706.51,,,,,,,,,,,,,,,0.0,2037078706.51,,393250000.0,,,,1924023790.61,,,,648560928.3,,,1487562486.74,196625000.0,,4650022205.65,41815125.1,4691837330.75,6728916037.26,定期报告,未审计,20050817,CNY,合并期末,2020-03-13T15:29:48
20050331,,3024925341.38,,,,,,158535948.16,129762839.45,28773108.71,,7780206.8,,,,,,,,,,51292931.18,51292931.18,1640412382.35,,3505403.97,,,,4886452213.84,,,,,,,,9627405.13,,,,,,989997515.02,269037197.64,720960317.38,2350479.66,869544496.18,849288036.95,20256459.23,718609837.72,,718609837.72,,,,,,37656999.83,,,49971049.43,,,,1685409788.29,6571862002.13,,,,,,,,37176128.24,,37176128.24,975658209.27,,,,38014868.42,572520719.3,,,,,275403561.32,275403561.32,9135359.66,,,,,,,,63003991.93,,,,,,,1970912838.14,,,,,,,,,300000.0,300000.0,,,,,300000.0,1971212838.14,,393250000.0,,,,1923937320.54,,,,648560928.3,,,1375914951.63,196625000.0,,4538288200.47,62360963.52,4600649163.99,6571862002.13,定期报告,未审计,20050423,CNY,合并期末,2020-03-13T15:29:48
20041231,,2898327418.85,,,,,,146652270.58,115374909.92,31277360.66,,4744646.4,,,,,,,,,,29172976.86,29172976.86,1693741195.11,,,,,,4772638507.8,,,,,,,,9815063.73,,,,,,971385636.79,253512479.71,717873157.08,2350479.66,787038198.78,776047024.87,10991173.91,715522677.42,,715522677.42,,,,,,37699499.84,,,50939036.0,,,,1601014475.77,6373652983.57,,,,,,,,35782831.8,,35782831.8,1036893726.13,,,,62895093.14,592839376.01,,17440859.68,,,396044896.52,413485756.2,7298154.18,,,,,,,,7450299.38,,,,,,,2156645236.84,,300000.0,,,,,,,300000.0,300000.0,,,,,300000.0,2156945236.84,,393250000.0,,,,1923937320.54,,,,648560928.3,,,1006775560.89,196625000.0,,4169148809.73,47558937.0,4216707746.73,6373652983.57,定期报告,是,20060405,CNY,合并期末,2020-03-13T15:29:48
20040930,,2419288966.46,,,,,,171379854.55,128441126.8,42938727.75,,7209175.58,,,,,,,,,,48728659.77,48728659.77,1516497795.85,,2013868.9,,,,4165118321.11,,,,,,,,4000000.0,,,,,,874424824.39,221787787.79,652637036.6,2383334.26,754029135.63,733384383.46,20644752.17,650253702.34,144779.23,650398481.57,,,,,,128704.85,,,55014337.4,,,,1463570659.45,5628688980.56,,,,,,,,29554677.23,,29554677.23,940904599.93,,,,33756781.3,267592270.5,,17652617.6,,,325601208.32,343253825.92,7642957.06,,,,,,,,105209502.49,,,,,,,1727914614.43,,,,,,,,,300000.0,300000.0,,,,,300000.0,1728214614.43,,393250000.0,,,,1923800640.54,,,,424392525.01,,,1122584115.97,,,3864027281.52,36447084.61,3900474366.13,5628688980.56,定期报告,未审计,20041020,CNY,合并期末,2020-03-13T15:29:48
20040630,,2172790156.59,,,,,,91827223.47,62807660.8,29019562.67,,9198150.34,,,,,,,,,,47259374.1,47259374.1,1318555940.24,,2681671.19,,,,3642312515.93,,,,,,,,4000000.0,,,,,,861823131.65,207711524.83,654111606.82,2383334.26,693188427.86,675660352.39,17528075.47,651728272.56,144779.23,651873051.79,,,,,,171204.86,,,49561075.75,,,,1398793760.26,5041106276.19,,,,,,,,25711328.1,,25711328.1,689015516.62,,,,32351576.68,201851940.25,,17864375.52,,,199590239.62,217454615.14,3888822.38,,,,,,,,53387181.34,,,,,,,1223660980.51,,,,,,,,,300000.0,300000.0,,,,,300000.0,1223960980.51,,275000000.0,,,,2014484980.54,,,,424392525.01,,,983599159.49,90750000.0,,3788226665.04,28918630.64,3817145295.68,5041106276.19,定期报告,未审计,20040728,CNY,合并期末,2020-03-13T15:29:48
20040331,,2091330580.11,,,,,,77054136.95,54118710.0,22935426.95,,11433268.53,10118265.61,,,,,,254708.21,,,49557977.35,59676242.96,1279320067.02,,3789523.18,,,,3522858526.96,,,,,,,,4000000.0,,,,,,841345208.15,194306877.1,647038331.05,2383334.26,637644833.06,637644833.06,,644654996.79,117684.47,644772681.26,,,,,,213704.87,,,45668919.37,,,,1332300138.56,4855158665.52,,,,,,,,18026442.38,,18026442.38,559029622.73,,,,56944253.48,207579844.3,,27982641.13,,,200822198.28,228804839.41,6822736.74,,,,,,,,49856432.44,,,,,,,1127064171.48,,,,,,,,,300000.0,300000.0,,,,,300000.0,1127364171.48,,275000000.0,,,,2014484980.54,,,,424392525.01,,,899399260.29,90750000.0,,3704026765.84,23767728.2,3727794494.04,4855158665.52,定期报告,未审计,20040429,CNY,合并期末,2020-03-13T15:29:48
20031231,,2340047386.85,,,,,,74026438.87,46540363.6,27486075.27,,6176790.79,,,,,,,254708.21,,,119865787.9,119865787.9,1215006621.05,,651300.25,,,,3756029033.92,,,,,,,,4000000.0,,,,,,624964463.15,181759293.54,443205169.61,2391337.78,721652502.1,721652502.1,,440813831.83,6730.0,440820561.83,,,,,,256204.88,,,33607508.12,,,,1200336776.93,4956365810.85,,,,,,,,40004706.01,,40004706.01,745368392.5,,,,55513753.5,415165509.58,,1212795.36,,,213109026.89,214321822.25,9942879.21,,,,,,,,5224656.87,,,,,,,1485541719.92,,,,,,,,,300000.0,300000.0,,,,,300000.0,1485841719.92,,302500000.0,,,,2014484980.54,,,,424392228.41,,,697765263.59,90750000.0,,3439142472.54,31381618.39,3470524090.93,4956365810.85,定期报告,是,20050423,CNY,合并期末,2020-03-13T15:29:48
20030930,,1868792963.71,,,,,,101824285.15,71795352.8,30028932.35,,5424392.38,,,,,,,3267745.14,,,100482020.21,100482020.21,1215900105.02,,5092386.79,,,,3300783898.4,,,,,,,,4000000.0,,,,,,609918188.61,171303972.02,438614216.59,2391337.78,697188715.03,697188715.03,,436222878.81,6730.0,436229608.81,,,,,,297499.89,,,28195069.55,,,,1165910893.28,4466694791.68,,,,,,,,45095250.13,,45095250.13,740386373.7,,,,49277141.65,148931189.76,,1212795.36,,,173188379.45,174401174.81,1824132.46,,,,,,,,75262903.83,,,,,,,1235178166.34,,,,,,,,,,,,,,,0.0,1235178166.34,,275000000.0,,,,2014419320.54,,,,341468411.02,,,575940966.96,,,3206828698.52,24687926.82,3231516625.34,4466694791.68,定期报告,未审计,20031030,CNY,合并期末,2020-03-13T15:29:48
20030630,,1536249315.64,,,,,,53056233.63,20242382.0,32813851.63,,3096295.69,,,,,,,3267745.14,,,39505064.74,39505064.74,1203247938.14,,9154338.64,,,,2847576931.62,,,,,,,,4000000.0,,,,,,606985962.86,159561742.85,447424220.01,2391337.78,617706515.55,617706515.55,,445032882.23,6730.0,445039612.23,,,,,,339999.9,,,25847208.4,,,,1092933336.08,3940510267.7,,,,,,,,30349687.07,,30349687.07,405099682.74,,,,47550824.86,107864087.18,,55577521.6,,,139850240.45,195427762.05,1488121.65,,,,,,,,27956929.61,,,,,,,815737095.16,,,,,,,,,,,,,,,0.0,815737095.16,,275000000.0,,,,2014386490.54,,,,341440996.34,,,474604497.83,,,3105431984.71,19341187.83,3124773172.54,3940510267.7,定期报告,未审计,20030730,CNY,合并期末,2020-03-13T15:29:48
20030331,,1684957738.56,,,,,,65198287.53,5500000.0,59698287.53,,31437389.69,,,,,,,2270415.1,,,41010360.69,41010360.69,1045879054.34,,13216290.49,,,,2883969536.4,,,,,,,,4000000.0,,,,,,604081691.36,147857063.88,456224627.48,2391337.78,536385132.75,536385132.75,,453833289.7,,453833289.7,,,,,,382499.91,,,25173397.5,,,,1019774319.86,3903743856.26,,,,,,,,92997296.13,,92997296.13,163378923.87,,,,45728489.82,280379277.96,,55577521.6,,,135595654.83,191173176.43,5750368.43,,,,,,,,23863647.31,,,,,,,803271179.95,,,,,,,,,,,,,,,0.0,803271179.95,,275000000.0,,,,2014320830.54,,,,275280085.32,,,505853609.79,,,3070454525.65,30018150.66,3100472676.31,3903743856.26,定期报告,未审计,20030425,CNY,合并期末,2020-03-13T15:29:48
20021231,,1780307690.64,,,,,,79752540.01,37016763.1,42735776.91,,6120132.5,,,,,,,3267745.14,,,45195662.66,45195662.66,1076612588.52,,,,,,2991256359.47,,,,,,,,4000000.0,,,,,,596482276.55,123992251.08,472490025.47,2391337.78,442903497.33,442903497.33,,470098687.69,,470098687.69,,,,,,424999.92,,,22221522.31,,,,939648707.25,3930905066.72,,,,,,,,24208759.65,,24208759.65,452516762.87,,,,61785500.24,321444089.32,,55577521.6,,,127453900.0,183031421.6,9635961.77,,,,,,,,3548598.58,,,,,,,1056171094.03,,,,,,,,,,,,,,,0.0,1056171094.03,,275000000.0,,,,2014320830.54,,,,275187832.04,,,287721821.69,,,2852230484.27,22503488.42,2874733972.69,3930905066.72,定期报告,是,20040326,CNY,合并期末,2020-03-13T15:29:48
20020930,,1677224920.04,,,,,,75437038.56,6167260.0,69269778.56,,4912526.11,,,,,,,8996282.41,,,47097802.98,47097802.98,1021098759.08,,2059993.64,,,,2836827322.82,,,,,,,,4000000.0,,,,,,568755149.74,118855864.99,449899284.75,2391337.78,389477083.1,389477083.1,,447507946.97,,447507946.97,,,,,,467499.93,,,18148500.66,,,,859601030.66,3696428353.48,,,,,,,,46612121.45,,46612121.45,319415404.32,,,,26779980.55,185026778.38,,97601152.8,,,101540468.89,199141621.69,4228814.82,,,,,,,,57419281.8,,,,,,,838624003.01,,,,,,,,,,,,,,,0.0,838624003.01,,250000000.0,,,,2039255170.54,,,,227558468.19,,,323418256.07,,,2840231894.8,17572455.67,2857804350.47,3696428353.48,其他,未审计,20021029,CNY,合并期末,2020-03-13T15:29:48
20020630,,1513800289.83,,,,,,88387996.7,46470610.0,41917386.7,,3978615.9,,,,,,,8996282.41,,,39558251.94,39558251.94,1011422579.27,,6241285.97,,,,2672385302.02,,,,,,,,4000000.0,,,,,,568748349.74,113414261.79,455334087.95,2391337.78,273149253.4,273149253.4,,452942750.17,,452942750.17,,,,,,509999.94,,,18219423.45,,,,748821426.96,3421206728.98,,,,,,,,22218060.29,,22218060.29,230405955.47,,,,10786313.76,105457534.38,,155488801.46,,,81084064.26,236572865.72,1830659.35,,,,,,,,29882599.23,,,,,,,637153988.2,,,,,,,,,,,,,,,0.0,637153988.2,,250000000.0,,,,2039255170.54,,,,227558468.19,,,252443665.06,,,2769257303.79,14795436.99,2784052740.78,3421206728.98,其他,未审计,20020814,CNY,合并期末,2020-03-13T15:29:48
20020331,,1877929846.09,,,,,,84590035.71,16681000.0,67909035.71,,6243525.1,,,,,,,8996282.41,,,28157899.1,28157899.1,819827003.18,,12574337.18,,,,2838318928.77,,,,,,,,,,,,,,493917311.89,81967115.62,411950196.27,2391337.78,184181516.45,184181516.45,,409558858.49,,409558858.49,,,,,,552499.95,,,16908806.06,,,,611201680.95,3449520609.72,,,,,,,,23806561.09,,23806561.09,167693673.67,,,,19273924.69,201581710.71,,155488801.46,,,88203915.76,243692717.22,5374246.45,,,,,,,,36635399.29,,,,,,,698058233.12,,,,,,,,,,,,,,,0.0,698058233.12,,250000000.0,,,,2039221850.54,,,,163612517.12,,,284561899.63,,,2737396267.29,14066109.31,2751462376.6,3449520609.72,其他,未审计,20020429,CNY,合并期末,2020-03-13T15:29:48
20011231,,1956436570.1,,,,,,58440450.37,11740000.0,46700450.37,,3011768.4,,,,,,,8996282.41,,,33320706.81,33320706.81,786368826.81,,23350685.8,,,,2869925290.7,,,,,,,,,,,,,,493903281.89,77272048.38,416631233.51,2391337.78,162048784.65,162048784.65,,414239895.73,,414239895.73,,,,,,594999.96,,,16579763.94,,,,593463444.28,3463388734.98,,,,,,,,10084988.04,,10084988.04,306147007.77,,,,19823059.32,237655974.44,,165107825.7,,,176692131.93,341799957.63,10012484.74,,,,,,,,233559.23,,,,,,,925757031.17,,,,,,,,,,,,,,,0.0,925757031.17,,250000000.0,,,,2039189510.54,,,,163612517.12,,,78113637.14,,,2530915664.8,6716039.01,2537631703.81,3463388734.98,其他,是,20020417,CNY,合并期末,2020-03-13T15:29:48
20010630,,336439213.5,,,,,,76640451.93,31154620.0,45485831.93,,2365520.34,,,,,,,1214155.68,,,12899599.0,12899599.0,575547814.28,,,,,10897017.0,1011105602.63,,,,,,,,,,,,,,248579234.0,70743594.93,177835639.07,,,,,177835639.07,,177835639.07,,,,,,679999.98,,,16168889.27,,,,203349614.99,1214455217.62,,109000000.0,,,,,,31911863.66,,31911863.66,60338220.45,,,,,218621799.3,,106865617.66,,,61064695.94,167930313.6,,,,,,,,,19256032.09,,,,,,,642491805.84,,,,,,,,,,,,,,,0.0,642491805.84,,185000000.0,,,,89470324.02,,,,114734706.56,,,172340372.66,,,561545403.24,,561545403.24,1214455217.62,其他,是,20010822,CNY,合并期末,2020-03-13T15:29:48
20001231,,460983583.46,,,,,,52906779.45,2500000.0,50406779.45,,15247081.7,,,,,,,1807921.64,,,10044273.67,10044273.67,512332818.61,,19421406.15,,,,1069969911.36,,,,,,,,,,,,,,246125655.82,65805266.73,180320389.09,,5776136.63,5776136.63,,180320389.09,,180320389.09,,,,,,765000.0,,,11068814.36,,,,198886333.54,1268856244.9,,129000000.0,,,,,,29849878.67,,29849878.67,385340199.56,,,,6706990.1,162256601.28,,5617043.56,,,105580857.9,111197901.46,-827815.94,,,,,,,,8163.87,,,,,,,823531919.0,,,,,,,,,,,,,,,0.0,823531919.0,,185000000.0,,,,88432681.62,,,,63667136.55,,,106865617.66,,,443965435.83,1358890.07,445324325.9,1268856244.9,其他,是,20010726,CNY,合并期末,2020-03-13T15:29:48
19991231,,198390615.12,,,,,,72172350.62,13412198.0,58760152.62,,8745548.24,,,,,,,,,,16920539.6,16920539.6,423401102.17,,3757667.96,22679.23,,,720079304.47,,,,,,,,,,,,,,241360642.36,56423776.46,184936865.9,,25290.0,25290.0,,184936865.9,,184936865.9,,,,,,935000.0,,,8442496.95,,,,194977652.85,915056957.32,,117100000.0,,,,,,30919891.95,,30919891.95,86012360.84,,,,890294.04,279994490.42,,,,,59024931.4,59024931.4,-1643514.17,,,,,,,,36647.61,,,,,57360000.0,,629695102.09,,,,,,,,,,,,,,,0.0,629695102.09,,185000000.0,,,,88432681.62,,,,6166053.19,,,5763120.42,,,285361855.23,,285361855.23,915056957.32,其他,是,20010726,CNY,合并期末,2020-03-13T15:29:48
19981231,,124765368.74,,,,,,29350910.0,,29350910.0,,10516948.13,,,,,,,,,,43237967.21,43237967.21,316665851.53,,,,,,520907601.75,,,,,,,,,,,,,,255251996.88,42228551.53,213023445.35,,,,,213023445.35,,213023445.35,,,,,,,,,7917934.45,,,,220941379.8,741848981.55,,147000000.0,,,,,,25626956.39,,25626956.39,93845099.56,,,,,157969304.36,,,,,18613175.01,18613175.01,4342918.25,,,,,,,,,,,,,,,447397453.57,,60360000.0,,,,,,,,,,,,,60360000.0,507757453.57,,,,,,,,,,,,,,,,234091527.98,,234091527.98,741848981.55,其他,是,19981231,CNY,合并期末,2020-03-13T15:29:48
